player1_name,fgm,fga,fg_pct
Reggie Miller,3498,7829,44.68
Terry Mills,587,1370,42.85
Michael Smith,538,1029,52.28
Eric Williams,1412,3430,41.17
Carl Herrera,340,794,42.82
Shandon Anderson,1897,4145,45.77
Bobby Phills,890,2019,44.08
Lloyd Daniels,47,143,32.87
Terry Cummings,602,1302,46.24
Ledell Eackles,66,157,42.04
Sharone Wright,151,375,40.27
Yinka Dare,21,66,31.82
Acie Earl,64,169,37.87
George Lynch,1396,3233,43.18
Bobby Hurley,109,290,37.59
Lou Roe,14,48,29.17
Anthony Mason,1923,3869,49.7
Jayson Williams,598,1300,46.0
Felton Spencer,220,480,45.83
Anthony Peeler,1922,4629,41.52
Stacey Augmon,952,2183,43.61
Tracy McGrady,6407,14803,43.28
Darvin Ham,403,779,51.73
Ashraf Amaya,11,35,31.43
Martin Muursepp,118,282,41.84
Cuonzo Martin,0,7,0.0
Shawn Bradley,1634,3499,46.7
Ben Wallace,2479,5230,47.4
Scott Burrell,476,1223,38.92
Kevin Johnson,586,1253,46.77
Reggie Slater,412,856,48.13
Robert Parish,70,144,48.61
Chris Jent,2,6,33.33
Chuck Person,282,793,35.56
Othella Harrington,1836,3649,50.32
Mark Jackson,1576,3682,42.8
George McCloud,1168,2900,40.28
Bo Outlaw,1492,2614,57.08
David Wesley,3493,8299,42.09
Dexter Boney,3,11,27.27
Gary Grant,87,210,41.43
Ed Stokes,1,3,33.33
Robert Pack,665,1662,40.01
Terry Dehere,338,866,39.03
Matt Maloney,771,1887,40.86
Clar. Weatherspoon,1721,3622,47.52
Ennis Whatley,2,4,50.0
Hakeem Olajuwon,2084,4173,49.94
Steve Kerr,795,1717,46.3
Vin Baker,2715,5595,48.53
Cory Alexander,484,1247,38.81
Roy Rogers,246,512,48.05
Dennis Scott,793,2006,39.53
Drew Barry,35,85,41.18
Kurt Thomas,3309,6820,48.52
Terrell Brandon,2105,4662,45.15
Kevin Garnett,9543,19225,49.64
Donald Royal,82,204,40.2
Billy Owens,833,1868,44.59
Rick Brunson,361,969,37.25
Chris Carr,549,1329,41.31
Moochie Norris,724,1799,40.24
Anthony Parker,1549,3469,44.65
Lionel Simmons,41,118,34.75
Loren Meyer,95,237,40.08
Michael Cage,108,219,49.32
Kenny Anderson,1784,4141,43.08
James Scott,0,8,0.0
Alan Henderson,1601,3376,47.42
Anthony Johnson,1575,3812,41.32
Eric Riley,69,161,42.86
Kevin Ollie,754,1841,40.96
Adonal Foyle,1081,2287,47.27
Kendall Gill,2252,5457,41.27
Derek Grimm,4,12,33.33
Jerry Stackhouse,4397,10816,40.65
Lawrence Moten,157,408,38.48
Derrick Alston,0,5,0.0
Corliss Williamson,3168,6519,48.6
Doug Christie,2632,6243,42.16
Tom Hammonds,400,810,49.38
Jamie Watson,32,73,43.84
Haywoode Workman,108,266,40.6
Rasheed Wallace,5773,12492,46.21
Dee Brown,602,1568,38.39
Latrell Sprewell,3813,9105,41.88
Joe Smith,3407,7520,45.31
Frank Brickowski,27,64,42.19
Corey Beck,93,197,47.21
Darrell Armstrong,2382,5905,40.34
Dickey Simpkins,303,702,43.16
Bob McCann,0,1,0.0
Damon Stoudamire,3557,8766,40.58
Derrick McKey,457,1100,41.55
Jerome Kersey,542,1309,41.41
Antonio Lang,70,169,41.42
Derek Anderson,2153,5267,40.88
Jaren Jackson,700,1808,38.72
Jason Sasser,14,34,41.18
Eric Snow,1978,4680,42.26
Donnie Boyce,16,49,32.65
Voshon Lenard,2256,5423,41.6
Shawnelle Scott,74,159,46.54
Maurice Taylor,2245,4798,46.79
Donald Whiteside,19,57,33.33
Stephon Marbury,5153,12042,42.79
Keith Tower,3,8,37.5
Jermaine O'Neal,4687,10152,46.17
Steve Henson,14,28,50.0
Brooks Thompson,161,394,40.86
Kenny Smith,83,196,42.35
Elmer Bennett,4,13,30.77
Steve Hamer,26,50,52.0
A.C. Green,782,1741,44.92
Anthony Goldwire,445,1103,40.34
Rafael Addison,48,117,41.03
Ruben Nembhard,13,28,46.43
Michael Finley,5838,13304,43.88
Steven Smith,2527,5722,44.16
Sarunas Marciulionis,35,96,36.46
Aaron McKie,1764,4079,43.25
Darrin Hancock,18,38,47.37
Travis Williams,57,124,45.97
Austin Croshere,1355,3321,40.8
Randy Brown,590,1501,39.31
Adam Keefe,435,904,48.12
Pete Myers,2,6,33.33
,405,975,41.54
Duane Ferrell,178,397,44.84
Bryant Reeves,1390,2900,47.93
Priest Lauderdale,93,202,46.04
Christian Laettner,2062,4279,48.19
Allan Houston,3867,8717,44.36
Buck Williams,236,450,52.44
Sean Elliott,693,1700,40.76
John Starks,1441,3647,39.51
Brett Szabo,46,106,43.4
Mark Strickland,476,959,49.64
Fred Hoiberg,890,2070,43.0
Kelvin Cato,1032,2011,51.32
Micheal Williams,22,62,35.48
Mike Brown,5,12,41.67
Kevin Edwards,170,475,35.79
Nick Van Exel,3155,7841,40.24
Todd Day,525,1321,39.74
Patrick Ewing,1810,3879,46.66
Gary Trent,1365,2772,49.24
Chris Anstey,254,622,40.84
Pervis Ellison,64,130,49.23
Armen Gilliam,762,1608,47.39
Mark Davis,382,841,45.42
Jerome Williams,1279,2527,50.61
Matt Bullard,588,1420,41.41
Jamal Mashburn,2716,6522,41.64
Dominique Wilkins,412,1000,41.2
Dan Schayes,208,510,40.78
Rodney Rogers,2470,5630,43.87
Brian Grant,2118,4367,48.5
J.R. Reid,318,704,45.17
Dale Ellis,954,2172,43.92
Derrick Coleman,1917,4417,43.4
Tyus Edney,264,665,39.7
Nick Anderson,1165,2879,40.47
Otis Thorpe,1045,2039,51.25
Gaylon Nickerson,4,12,33.33
Dontonio Wingfield,62,147,42.18
Jimmy King,2,6,33.33
Tony Massenburg,1031,2179,47.32
Sean Rooks,663,1556,42.61
Stephen Howard,68,124,54.84
Kevin Salvadori,12,42,28.57
Popeye Jones,601,1376,43.68
Brad Lohaus,7,27,25.93
Charles O'Bannon,50,125,40.0
Tyrone Corbin,778,1863,41.76
Jon Barry,1143,2634,43.39
Hersey Hawkins,1014,2296,44.16
DeJuan Wheat,93,237,39.24
Eddie Jones,4032,9283,43.43
Doug Overton,341,846,40.31
Kevin Willis,1817,3945,46.06
Lindsey Hunter,2158,5640,38.26
Eddie Johnson,403,967,41.68
Tony Smith,131,336,38.99
Matt Steigenga,1,4,25.0
Jim Jackson,2754,6581,41.85
Glenn Robinson,4060,8843,45.91
Shareef Abdur-Rahim,4882,10344,47.2
John Thomas,201,403,49.88
Clyde Drexler,863,2008,42.98
Mario Elie,957,2086,45.88
Johnny Taylor,86,222,38.74
Richard Manning,31,83,37.35
Matt Fish,1,3,33.33
Randolph Childress,11,30,36.67
Alvin Williams,1520,3627,41.91
Sam Cassell,4698,10296,45.63
Adrian Caldwell,39,88,44.32
Robert Horry,1706,4145,41.16
Avery Johnson,1739,3699,47.01
Clifford Rozier,77,163,47.24
Mark Hendrickson,125,298,41.95
Tim Hardaway,2206,5473,40.31
Kevin Duckworth,44,99,44.44
Tom Gugliotta,1794,3974,45.14
Brent Scott,7,15,46.67
Lorenzo Williams,38,55,69.09
Tim Breaux,4,11,36.36
Zan Tabak,264,557,47.4
Scott Williams,954,2087,45.71
Shane Heal,29,112,25.89
Derek Fisher,3814,9473,40.26
Joe Dumars,835,1966,42.47
Muggsy Bogues,530,1171,45.26
Blue Edwards,479,1103,43.43
Bobby Jackson,2568,6152,41.74
Byron Scott,153,362,42.27
Joe Courtney,11,29,37.93
David Benoit,216,534,40.45
Tracy Moore,30,77,38.96
Detlef Schrempf,1261,2669,47.25
Erick Strickland,1133,2927,38.71
Litterial Green,30,77,38.96
David Wood,20,37,54.05
Charles Barkley,1082,2275,47.56
Ed Pinckney,21,38,55.26
Mookie Blaylock,1654,4161,39.75
John Wallace,1046,2268,46.12
James Robinson,414,1053,39.32
Chris Childs,862,2166,39.8
Terry Davis,165,323,51.08
Marko Milic,46,83,55.42
Toni Kukoc,2350,5340,44.01
Jerome Allen,64,183,34.97
Alonzo Mourning,2824,5256,53.73
Duane Causwell,148,317,46.69
Larry Krystkowiak,1,2,50.0
Wesley Person,2135,4690,45.52
Malik Sealy,988,2317,42.64
Ray Allen,8231,18334,44.89
Rex Walters,226,523,43.21
Dino Radja,121,281,43.06
Stacey King,9,18,50.0
Devin Gray,23,62,37.1
Bruce Bowen,1937,4730,40.95
Cedric Ceballos,954,2109,45.23
Chris Webber,5757,12283,46.87
Nate Driggers,13,42,30.95
Anfernee Hardaway,2167,5012,43.24
Tim Legler,83,224,37.05
Bubba Wells,40,98,40.82
Matt Geiger,1063,2278,46.66
David Wingate,178,411,43.31
John Long,42,109,38.53
Arvydas Sabonis,1571,3240,48.49
Alton Lister,30,73,41.1
Ron Mercer,2247,5249,42.81
Greg Dreiling,26,61,42.62
Antonio Daniels,2107,4773,44.14
Tyrone Hill,1400,2838,49.33
Andrew Lang,201,488,41.19
Vinny Del Negro,893,1937,46.1
LaSalle Thompson,3,18,16.67
Horacio Llamas,18,41,43.9
Rumeal Robinson,55,143,38.46
Rod Strickland,2135,4907,43.51
Sedale Threatt,46,117,39.32
Bison Dele,780,1550,50.32
Mark Bryant,574,1178,48.73
Keith Booth,49,143,34.27
Shawn Kemp,2251,4952,45.46
Brian Shaw,771,2073,37.19
Reggie Williams,519,1155,44.94
Chris Gatling,1341,2901,46.23
Donyell Marshall,3230,7273,44.41
Hot Rod Williams,282,591,47.72
Allen Iverson,8069,19021,42.42
Brian Evans,133,349,38.11
Vitaly Potapenko,1428,3003,47.55
Mitch Richmond,2129,4903,43.42
Dana Barros,885,1984,44.61
Bryon Russell,1940,4508,43.03
Rik Smits,1594,3269,48.76
Frankie King,7,17,41.18
Ben Davis,20,50,40.0
Zydrunas Ilgauskas,3963,8320,47.63
Dennis Rodman,340,812,41.87
Chris Morris,290,695,41.73
Larry Stewart,101,218,46.33
Tariq Abdul-Wahad,642,1543,41.61
William Cunningham,6,23,26.09
Harvey Grant,237,596,39.77
Amal McCaskill,76,200,38.0
Henry James,145,357,40.62
Troy Hudson,1591,3968,40.1
Sasha Danilovic,212,483,43.89
Ken Norman,26,88,29.55
Darrick Martin,859,2319,37.04
Grant Long,694,1602,43.32
Greg Ostertag,1182,2436,48.52
Erick Dampier,2474,4972,49.76
Brent Price,319,754,42.31
Antonio Harvey,40,85,47.06
Randy Livingston,277,671,41.28
Eric Murdock,274,676,40.53
Gheorghe Muresan,349,594,58.75
Herb Williams,39,94,41.49
Jeff Grayer,39,90,43.33
Wayman Tisdale,148,335,44.18
Xavier McDaniel,128,346,36.99
Ray Owes,72,167,43.11
Tracy Murray,1164,2762,42.14
Danny Ferry,969,2215,43.75
Robert Werdann,3,7,42.86
God Shammgod,17,51,33.33
Rusty LaRue,159,429,37.06
Andrew DeClercq,1015,1971,51.5
David Vaughn,95,211,45.02
Chris Dudley,286,691,41.39
Anthony Bowie,34,61,55.74
Todd Fuller,293,698,41.98
Lamond Murray,2110,4922,42.87
Horace Grant,1696,3626,46.77
Vlade Divac,2538,5285,48.02
Shawn Respert,189,432,43.75
Tom Chambers,9,33,27.27
Stanley Roberts,226,499,45.29
Bimbo Coles,847,2097,40.39
Bill Wennington,256,586,43.69
Eric Washington,252,624,40.38
Derek Harper,585,1365,42.86
Carl Thomas,55,147,37.41
Tim Kempton,3,13,23.08
Ivano Newbill,53,131,40.46
Chris Crawford,541,1240,43.63
Scottie Pippen,2493,5618,44.38
Derek Strong,631,1467,43.01
Willie Burton,42,123,34.15
Will Perdue,460,875,52.57
Harold Ellis,61,110,55.45
Willie Anderson,37,88,42.05
Chris Mullin,1044,2138,48.83
Sherman Douglas,776,1637,47.4
Keith Closs,177,385,45.97
Donny Marshall,55,183,30.05
Olden Polynice,1153,2426,47.53
Johnny Newman,1179,2720,43.35
Monty Williams,917,1893,48.44
Jeff Hornacek,1433,2980,48.09
Calbert Cheaney,1896,4029,47.06
Joe Kleine,130,330,39.39
Mark West,121,249,48.59
Lee Mayberry,235,627,37.48
Joe Stephens,30,84,35.71
Mark Price,447,1035,43.19
Antoine Walker,5395,13087,41.22
Stojko Vrankovic,137,290,47.24
Scott Brooks,47,103,45.63
Theo Ratliff,1865,3776,49.39
Brian Oliver,7,19,36.84
Michael Jordan,3185,6946,45.85
Rodrick Rhodes,119,333,35.74
Jerald Honeycutt,94,235,40.0
Keith Askins,187,476,39.29
Greg Foster,529,1281,41.3
Vincent Askew,82,204,40.2
Eric Piatkowski,1563,3603,43.38
Gary Payton,5375,11840,45.4
Antonio Davis,2500,5648,44.26
Travis Best,1755,4101,42.79
Tony Delk,1661,4048,41.03
Don Reid,437,830,52.65
Dan Majerle,764,1931,39.56
Sam Mack,511,1286,39.74
Karl Malone,4813,9811,49.06
Jamie Feick,302,699,43.2
Ervin Johnson,1036,1996,51.9
Rick Mahorn,75,181,41.44
Jimmy Oliver,5,15,33.33
Reggie Geary,75,208,36.06
Rex Chapman,986,2355,41.87
Doug West,349,817,42.72
Chris Whitney,1031,2599,39.67
Greg Graham,38,100,38.0
Shaquille O'Neal,8246,14218,58.0
Charlie Ward,1208,2980,40.54
Hubert Davis,1077,2416,44.58
Mahmoud Abdul-Rauf,575,1314,43.76
LaPhonso Ellis,1575,3627,43.42
Rick Fox,1947,4419,44.06
Greg Anderson,149,312,47.76
George Zidek,53,133,39.85
Charles Jones,9,14,64.29
Don MacLean,225,527,42.69
John Crotty,344,836,41.15
Brandon Williams,117,318,36.79
Jack Haley,15,43,34.88
Cedric Henderson,688,1597,43.08
Kiwane Garris,21,61,34.43
Charles Oakley,1382,3225,42.85
Dell Curry,1189,2658,44.73
Etdrick Bohannon,9,21,42.86
Kebu Stewart,12,26,46.15
Rony Seikaly,676,1425,47.44
Carlos Rogers,467,861,54.24
Brevin Knight,1782,4345,41.01
Chris Garner,28,95,29.47
Jud Buechler,402,970,41.44
Sean Higgins,0,1,0.0
Loy Vaught,717,1491,48.09
Antoine Carr,461,985,46.8
Dean Garrett,685,1417,48.34
Melvin Booker,4,7,57.14
Danny Fortson,1039,2193,47.38
Travis Knight,463,1067,43.39
Howard Eisley,1626,4016,40.49
Lucious Harris,1451,3489,41.59
Greg Anthony,826,2090,39.52
Scot Pollard,801,1589,50.41
Eldridge Recasner,449,1024,43.85
Isaiah Rider,1805,4210,42.87
Marty Conlon,224,477,46.96
Reggie Jordan,91,228,39.91
Eric Mobley,23,54,42.59
Ed Gray,116,343,33.82
Jason Lawson,9,15,60.0
Jason Kidd,5084,12647,40.2
Greg Minor,268,625,42.88
Fred Roberts,6,15,40.0
Earl Cureton,3,8,37.5
Steve Nash,5873,12063,48.69
Pete Chilcutt,299,721,41.47
Brent Barry,2416,5290,45.67
Dale Davis,2053,3928,52.27
Samaki Walker,870,1862,46.72
Tony Battie,1879,3840,48.93
Ron Harper,972,2279,42.65
Nate McMillan,88,225,39.11
Michael Curry,927,2060,45.0
Malik Rose,1700,3908,43.5
Jason Caffey,1126,2330,48.33
David Robinson,2280,4549,50.12
Dwayne Schintzius,15,47,31.91
Kerry Kittles,2568,5866,43.78
Terry Porter,1062,2414,43.99
Marcus Brown,28,73,38.36
Tony Dumas,39,105,37.14
Clifford Robinson,3498,8223,42.54
Tim Duncan,10318,20447,50.46
Eric Leckner,14,30,46.67
Michael Hawkins,47,121,38.84
John Stockton,2243,4402,50.95
Larry Johnson,1525,3280,46.49
Jim McIlvaine,321,709,45.28
Anthony Miller,101,197,51.27
Stevin Smith,6,18,33.33
Jeff Nordgaard,5,18,27.78
Dikembe Mutombo,2276,4393,51.81
Ricky Pierce,271,578,46.89
Jacque Vaughn,1162,2754,42.19
Pooh Richardson,243,645,37.67
Jalen Rose,3964,9017,43.96
Walter McCarty,1005,2558,39.29
Jeff McInnis,1927,4469,43.12
Luc Longley,854,1858,45.96
Juwan Howard,4921,10619,46.34
Dell Demps,0,3,0.0
Mark Pope,115,279,41.22
Bob Sura,1518,3675,41.31
Oliver Miller,436,849,51.35
Keith Van Horn,3005,6823,44.04
Walt Williams,1502,3571,42.06
Mitchell Butler,176,393,44.78
Eric Montross,352,817,43.08
Vernon Maxwell,777,2107,36.88
Sam Mitchell,1138,2551,44.61
Sam Perkins,816,1981,41.19
Emanual Davis,357,892,40.02
Gerald Wilkins,444,1146,38.74
Glen Rice,2549,5678,44.89
Kobe Bryant,11293,25263,44.7
Aaron Williams,1431,2934,48.77
James Cotton,12,34,35.29
Cherokee Parks,678,1417,47.85
Chucky Brown,557,1221,45.62
Jimmy Carruth,2,3,66.67
Chauncey Billups,4814,11545,41.7
Tim Thomas,3205,7296,43.93
Chris Mills,1138,2661,42.77
Bryant Stith,760,1890,40.21
Antonio McDyess,4325,8673,49.87
Mark Bradtke,25,58,43.1
Dontae' Jones,19,57,33.33
Lorenzen Wright,2268,4947,45.85
B.J. Armstrong,354,770,45.97
Aleksandar Djordjevic,8,15,53.33
Khalid Reeves,398,979,40.65
Joe Wolf,71,192,36.98
Evric Gray,4,15,26.67
Michael Stewart,223,503,44.33
Corie Blount,633,1345,47.06
Ike Austin,1119,2522,44.37
Ed O'Bannon,77,249,30.92
Charles Smith,282,691,40.81
Steve Scheffler,4,5,80.0
Martin Lewis,4,10,40.0
Lawrence Funderburke,698,1415,49.33
P.J. Brown,2929,6274,46.68
Grant Hill,4815,9896,48.66
Benoit Benjamin,25,48,52.08
Kevin Gamble,111,257,43.19
Mario Bennett,74,131,56.49
Elliot Perry,626,1387,45.13
Tony Farmer,128,317,40.38
Elden Campbell,2249,4957,45.37
Danny Manning,1374,2718,50.55
Marcus Camby,3484,7498,46.47
Craig Ehlo,78,219,35.62
Elmore Spencer,0,1,0.0
Chris Robinson,120,312,38.46
James Collins,21,54,38.89
Andre Miller,5468,11852,46.14
Adonis Jordan,2,4,50.0
Korleone Young,3,6,50.0
Andrew Gaze,8,24,33.33
Jason Miskiri,0,1,0.0
Mikki Moore,1159,2101,55.16
Marlon Garnett,14,46,30.43
Cuttino Mobley,3867,8941,43.25
Milt Palacio,740,1761,42.02
Thurl Bailey,83,171,48.54
Anthony Avent,32,103,31.07
Matt Harpring,2679,5563,48.16
Jermaine Jackson,80,202,39.6
Miles Simon,1,3,33.33
John Coker,13,37,35.14
Robert Traylor,753,1586,47.48
Tyson Wheeler,1,1,100.0
Mark Macon,4,14,28.57
Rashard Lewis,5199,11523,45.12
William Avery,125,388,32.22
Evan Eschmeyer,152,312,48.72
Ryan Bowen,480,1073,44.73
Adrian Griffin,729,1663,43.84
Steve Francis,3250,7540,43.1
Wayne Turner,1,6,16.67
Negele Knight,3,6,50.0
Randell Jackson,37,84,44.05
Corey Benjamin,283,729,38.82
Fred Vinson,3,9,33.33
John Celestand,13,41,31.71
Rodney Buford,564,1401,40.26
Chris Herren,53,165,32.12
Raef LaFrentz,2008,4353,46.13
Bill Curley,87,194,44.85
Chris King,2,7,28.57
Anthony Carter,1160,2826,41.05
Richard Hamilton,5746,12790,44.93
Laron Profit,162,384,42.19
Shawn Marion,6547,13560,48.28
Lazaro Borrell,24,57,42.11
Mike Bibby,5163,11900,43.39
Todd MacCulloch,517,948,54.54
Mark Baker,0,1,0.0
Jamel Thomas,13,36,36.11
Kornel David,175,388,45.1
Thomas Hamilton,25,61,40.98
Nazr Mohammed,2211,4538,48.72
Ryan Stack,23,71,32.39
Tyrone Nesby,791,1962,40.32
Jonathan Kerner,0,1,0.0
Pat Garrity,1326,3209,41.32
Paul Pierce,7913,17768,44.54
Jumaine Jones,1162,2780,41.8
Jason Terry,6334,14286,44.34
Quincy Lewis,212,540,39.26
Rick Hughes,35,71,49.3
Al Harrington,4520,10259,44.06
Jeff Foster,1317,2632,50.04
Larry Hughes,3375,8331,40.51
Vince Carter,8300,19094,43.47
Shammond Williams,600,1502,39.95
Reggie Hanson,3,6,50.0
Sam Jacobson,112,212,52.83
Chucky Atkins,2207,5382,41.01
Kelly McCarty,2,3,66.67
Mirsad Turkcan,14,38,36.84
James Posey,2304,5607,41.09
Ruben Patterson,2352,4583,51.32
Lari Ketner,12,25,48.0
Tyronn Lue,1589,3651,43.52
Charles R. Jones,92,282,32.62
Ira Bowman,6,10,60.0
Spud Webb,4,10,40.0
Shea Seals,1,8,12.5
Charles Shackleford,44,87,50.57
Vladimir Stepania,413,961,42.98
J.R. Henderson,33,89,37.08
Elton Brand,5795,11546,50.19
Rafer Alston,2364,6240,37.88
Casey Shaw,1,7,14.29
John Salley,23,63,36.51
Dirk Nowitzki,10618,22623,46.93
Tim Young,13,38,34.21
Obinna Ekezie,150,355,42.25
Tim James,21,59,35.59
Jason Williams,2760,7009,39.38
Roshown McLeod,293,716,40.92
Jeff Sheppard,15,36,41.67
Baron Davis,4515,10975,41.14
Michael Olowokandi,1618,3730,43.38
Felipe Lopez,509,1183,43.03
Gerard King,210,414,50.72
Michael Ruffin,229,560,40.89
Andrae Patterson,40,91,43.96
Lamar Odom,4559,9778,46.63
Paul Grant,11,25,44.0
Michael Dickerson,1096,2548,43.01
Keon Clark,1001,2002,50.0
Dion Glover,821,2001,41.03
Dedric Willoughby,53,157,33.76
Devean George,1279,3233,39.56
Metta World Peace,4182,10168,41.13
Kenny Thomas,2129,4519,47.11
Jonathan Bender,450,1104,40.76
Bryce Drew,403,1045,38.56
Makhtar N'diaye,1,4,25.0
Peter Aluma,1,2,50.0
Cory Carr,65,200,32.5
Bonzi Wells,2610,5673,46.01
Sean Marks,234,529,44.23
Jerome James,595,1241,47.95
Alvin Sims,4,10,40.0
Cal Bowdler,141,357,39.5
Jahidi White,666,1291,51.59
John Amaechi,570,1413,40.34
Michael Doleac,1128,2555,44.15
Eddie Robinson,783,1529,51.21
A.J. Bramlett,4,19,21.05
Earl Boykins,1865,4473,41.69
Brian Skinner,1074,2196,48.91
Wally Szczerbiak,3265,6732,48.5
Vonteego Cummings,419,1108,37.82
Scott Padgett,613,1515,40.46
Trajan Langdon,185,454,40.75
Derek Hood,0,3,0.0
Larry Robinson,69,187,36.9
Peja Stojakovic,4667,10461,44.61
Gerald Brown,34,89,38.2
Rasho Nesterovic,2380,4742,50.19
Gerald Madkins,11,27,40.74
Ricky Davis,3379,7601,44.45
Brad Miller,3201,6618,48.37
Toby Bailey,80,200,40.0
DeMarco Johnson,2,8,25.0
Jelani McCoy,443,840,52.74
Antawn Jamison,6667,14908,44.72
Bruno Sundov,71,195,36.41
Harold Jamison,26,58,44.83
Greg Buckner,999,2262,44.16
Damon Jones,1427,3499,40.78
Corey Maggette,3575,7857,45.5
Lee Nailon,1010,2122,47.6
Mike Penberthy,73,191,38.22
Dalibor Bagaric,93,252,36.9
Art Long,130,291,44.67
Jeryl Sasser,63,208,30.29
Pau Gasol,7679,15104,50.84
Mark Blount,1830,3657,50.04
Kenny Satterfield,118,352,33.52
Derrick Dial,97,248,39.11
Soumaila Samake,24,65,36.92
Terrance Roberson,0,2,0.0
Joseph Forte,7,38,18.42
Ruben Wolkowyski,20,67,29.85
Ryan Robertson,2,6,33.33
Jason Hart,547,1299,42.11
Mateen Cleaves,211,536,39.37
Ira Newble,673,1499,44.9
Oscar Torres,123,310,39.68
Predrag Drobnjak,791,1866,42.39
Antonis Fotsis,41,99,41.41
Brendan Haywood,1897,3534,53.68
Erick Barkley,24,69,34.78
Rodney White,538,1280,42.03
Paul McPherson,101,199,50.75
Primoz Brezec,857,1740,49.25
Vladimir Radmanovic,1954,4716,41.43
Trenton Hassell,1449,3222,44.97
Victor Alexander,18,51,35.29
Bobby Simmons,1359,3097,43.88
Raja Bell,2366,5417,43.68
Eddie Griffin,766,2021,37.9
Malik Allen,944,2157,43.76
Jamal Crawford,6162,15115,40.77
Garth Joseph,1,5,20.0
Brian Cardinal,617,1487,41.49
Sean Colson,6,23,26.09
Gilbert Arenas,3438,8188,41.99
Morris Peterson,2439,5877,41.5
Jamaal Tinsley,1493,3775,39.55
Jake Tsakalidis,500,1027,48.69
Michael Bradley,190,397,47.86
DerMarr Johnson,686,1649,41.6
Earl Watson,1831,4421,41.42
Eddie House,1868,4576,40.82
Marc Jackson,1034,2341,44.17
Mike James,2024,4895,41.35
Calvin Booth,427,958,44.57
Loren Woods,183,436,41.97
Wang Zhi-zhi,196,452,43.36
Tierre Brown,172,450,38.22
Chris Mihm,1096,2388,45.9
Shane Battier,2736,6264,43.68
Ruben Boumtje-Boumtje,10,32,31.25
Jerome Moiso,152,307,49.51
Zeljko Rebraca,433,852,50.82
Hedo Turkoglu,3694,8708,42.42
Chris Andersen,1304,2431,53.64
Mike Smith,19,54,35.19
Jason Collins,871,2093,41.61
Donnell Harvey,388,853,45.49
Gerald Wallace,3019,6343,47.6
Richard Jefferson,4958,10665,46.49
Olumide Oyedeji,46,92,50.0
Jamaal Magloire,1631,3412,47.8
Dragan Tarlac,38,89,42.7
Terence Morris,182,464,39.22
Maurice Evans,1354,3058,44.28
Pepe Sanchez,9,32,28.13
Marcus Fizer,926,2159,42.89
Michael Redd,3754,8428,44.54
Tony Parker,7941,16421,48.36
Damone Brown,37,117,31.62
Joe Johnson,7273,16529,44.0
Eduardo Najera,1142,2389,47.8
Jamison Brewer,27,77,35.06
Kwame Brown,1330,2695,49.35
DeShawn Stevenson,1960,4874,40.21
David Vanterpool,42,99,42.42
Jake Voskuhl,602,1235,48.74
Etan Thomas,783,1552,50.45
Courtney Alexander,594,1403,42.34
Ruben Garces,7,22,31.82
Jason Richardson,4926,11167,44.11
Brandon Armstrong,87,254,34.25
Troy Murphy,2398,5340,44.91
Charlie Bell,1074,2612,41.12
Jeff Trepagnier,34,88,38.64
Khalid El-Amin,112,295,37.97
Tyson Chandler,3185,5362,59.4
Joel Przybilla,834,1489,56.01
Keyon Dooling,1699,4055,41.9
Mamadou N'diaye,73,171,42.69
Speedy Claxton,1006,2419,41.59
Joe Crispin,26,68,38.24
Samuel Dalembert,2523,4861,51.9
Desmond Mason,2575,5743,44.84
Dan Langhi,156,399,39.1
Mark Madsen,371,820,45.24
Dan McClintock,9,18,50.0
DeSagana Diop,443,1025,43.22
Tang Hamilton,8,15,53.33
Will Solomon,200,528,37.88
Slava Medvedenko,588,1280,45.94
Dean Oliver,17,55,30.91
Hanno Mottola,261,591,44.16
Alton Ford,67,133,50.38
Kenyon Martin,3802,7912,48.05
Steven Hunter,653,1180,55.34
Jamal Robinson,3,22,13.64
Darius Miles,1676,3550,47.21
Jabari Smith,123,281,43.77
Eddie Gill,163,452,36.06
Stromile Swift,1563,3281,47.64
Eddy Curry,2253,4120,54.68
Jason Collier,296,653,45.33
Zendon Hamilton,170,387,43.93
Quentin Richardson,2677,6783,39.47
Steve Goodrich,6,23,26.09
Kirk Haston,12,49,24.49
Mike Miller,3598,7903,45.53
Zach Randolph,6661,14192,46.93
Daniel Santiago,136,295,46.1
Carlos Arroyo,1314,2986,44.01
Andrei Kirilenko,2692,5747,46.84
Chris Porter,146,374,39.04
Kedrick Brown,177,437,40.5
Aleksandar Radojevic,8,26,30.77
Lavor Postell,50,152,32.89
Jarron Collins,614,1342,45.75
Stephen Jackson,4248,10219,41.57
A.J. Guyton,147,393,37.4
Marcus Haislip,97,223,43.5
Devin Brown,1030,2582,39.89
Keith McLeod,308,856,35.98
Alvin Jones,8,18,44.44
Dan Dickau,510,1298,39.29
Frank Williams,84,244,34.43
Drew Gooden,3257,7053,46.18
Luke Walton,961,2215,43.39
Qyntel Woods,246,534,46.07
Mike Batiste,188,435,43.22
Curtis Borchardt,82,191,42.93
Juaquin Hawkins,48,127,37.8
Norman Richardson,8,21,38.1
Tremaine Fowlkes,98,242,40.5
Zaza Pachulia,2351,4995,47.07
Dwyane Wade,8413,17607,47.78
Michael Sweetney,514,1055,48.72
Travis Hansen,43,121,35.54
Casey Jacobsen,430,1078,39.89
Marquis Daniels,1495,3263,45.82
John Salmons,2535,5860,43.26
Jiri Welsch,456,1134,40.21
Ryan Humphrey,74,220,33.64
Cezary Trybanski,4,19,21.05
Jason Kapono,1268,2850,44.49
Nene,3944,7164,55.05
Gordan Giricek,1318,3002,43.9
Kyle Korver,3915,8878,44.1
Zoran Planinic,179,419,42.72
Jannero Pargo,1095,2762,39.65
Torraye Braggs,16,34,47.06
Chris Bosh,5760,11770,48.94
Melvin Ely,681,1505,45.25
Tamar Slay,69,193,35.75
Robert Archibald,13,47,27.66
Boris Diaw,3466,7070,49.02
Mike Dunleavy,3311,7495,44.18
J.R. Bremer,196,564,34.75
Darko Milicic,1060,2306,45.97
Jay Williams,246,614,40.07
Yao Ming,3352,6415,52.25
Zarko Cabarkapa,202,469,43.07
Chris Owens,2,3,66.67
Chris Jefferies,82,214,38.32
Tayshaun Prince,4178,9290,44.97
Leandro Barbosa,3273,7088,46.18
Keith Bogans,1292,3289,39.28
Ike Fontaine,3,14,21.43
Mengke Bateer,52,140,37.14
Efthimios Rentzias,20,58,34.48
Dahntay Jones,1081,2416,44.74
Tito Maddox,3,12,25.0
Ernest Brown,1,5,20.0
Reece Gaines,39,116,33.62
Ken Johnson,8,19,42.11
Josh Howard,2648,5943,44.56
Jared Jeffries,1053,2432,43.3
Chris Kaman,2799,5717,48.96
Amar'e Stoudemire,5755,10773,53.42
Britton Johnsen,14,57,24.56
Reggie Evans,980,2110,46.45
Luke Ridnour,2381,5544,42.95
Dan Gadzuric,951,1904,49.95
Jarvis Hayes,1250,3038,41.15
Lonny Baxter,220,465,47.31
Brian Scalabrine,544,1391,39.11
Carlos Boozer,5393,10366,52.03
Leon Smith,11,28,39.29
Junior Harrington,264,707,37.34
Nikoloz Tskitishvili,174,564,30.85
Linton Johnson,210,500,42.0
Richie Frahm,162,394,41.12
Sasha Pavlovic,980,2439,40.18
Igor Rakocevic,21,57,36.84
Nate Huffman,9,25,36.0
Mike Wilks,187,472,39.62
Flip Murray,1643,3994,41.14
Adam Harrington,11,34,32.35
Juan Dixon,1258,3049,41.26
T.J. Ford,1638,3789,43.23
Francisco Elson,661,1393,47.45
Jamal Sampson,49,98,50.0
Ben Handlogten,63,118,53.39
Kirk Hinrich,3180,7682,41.4
Vincent Yarbrough,155,396,39.14
Antoine Rigaudeau,8,35,22.86
LeBron James,14622,29121,50.21
Matt Carroll,891,2158,41.29
Ratko Varda,2,3,66.67
Dajuan Wagner,335,916,36.57
Udonis Haslem,2544,5226,48.68
Mehmet Okur,2816,6180,45.57
Fred Jones,968,2368,40.88
Roger Mason Jr.,1002,2477,40.45
Maceo Baston,94,153,61.44
Steve Blake,1855,4694,39.52
Marko Jaric,1094,2704,40.46
Smush Parker,800,1895,42.22
Ndudi Ebi,17,35,48.57
Kareem Rush,783,1962,39.91
Kirk Penney,2,9,22.22
Manu Ginobili,4757,10733,44.32
Mickael Pietrus,1525,3552,42.93
Mo Williams,3572,8246,43.32
Sean Lampley,57,125,45.6
Predrag Savovic,25,79,31.65
Carmelo Anthony,9495,21366,44.44
Willie Green,2115,5016,42.17
Ansu Sesay,150,349,42.98
Paul Shirley,14,36,38.89
Marcus Banks,692,1615,42.85
Chris Wilcox,1766,3305,53.43
Bostjan Nachbar,695,1709,40.67
Pat Burke,190,460,41.3
Rasual Butler,2133,5319,40.1
David West,5207,10612,49.07
Raul Lopez,257,591,43.49
Caron Butler,4085,9446,43.25
Jerome Beasley,1,3,33.33
Darius Songaila,1304,2632,49.54
Travis Outlaw,1781,4240,42.0
Viktor Khryapa,211,486,43.42
Erik Daniels,4,16,25.0
JR Smith,4007,9668,41.45
Tony Allen,2374,5001,47.47
DJ Mbenga,158,332,47.59
Al Jefferson,5236,10527,49.74
Horace Jenkins,15,45,33.33
Ronald Dupree,186,451,41.24
Bernard Robinson,182,438,41.55
Awvee Storey,52,121,42.98
Beno Udrih,2404,5231,45.96
Geno Carlisle,2,3,66.67
Rafael Araujo,130,326,39.88
Tony Bobbitt,2,5,40.0
Ibrahim Kutluay,0,1,0.0
Josh Davis,49,138,35.51
James Jones,1209,3000,40.3
Omar Cook,15,44,34.09
Pape Sow,75,171,43.86
Nick Collison,2008,3791,52.97
Jackie Butler,119,214,55.61
Maurice Carter,11,36,30.56
John Edwards,33,78,42.31
David Harrison,301,578,52.08
James Thomas,18,30,60.0
Kevin Martin,3137,7246,43.29
Ime Udoka,557,1329,41.91
Desmond Ferguson,4,10,40.0
Shaun Livingston,2038,4149,49.12
Carlos Delfino,1156,2887,40.04
Billy Thomas,47,135,34.81
Troy Bell,2,8,25.0
Kris Humphries,1868,3986,46.86
Anderson Varejao,1587,3155,50.3
Matt Barnes,2488,5808,42.84
Royal Ivey,520,1310,39.69
Theron Smith,58,169,34.32
Alex Garcia,15,51,29.41
Brian Cook,837,1902,44.01
Quinton Ross,685,1624,42.18
Kaniel Dickens,7,16,43.75
Kendrick Perkins,1697,3191,53.18
Luke Jackson,80,212,37.74
Slavko Vranes,0,1,0.0
Luol Deng,4387,9645,45.48
Kirk Snyder,425,973,43.68
Antonio Burks,69,180,38.33
Ha Ha,25,49,51.02
Desmond Penigar,12,20,60.0
Corsley Edwards,9,27,33.33
Josh Smith,4409,9882,44.62
Yuta Tabuse,1,6,16.67
Andre Iguodala,4816,10416,46.24
Andre Emmett,6,13,46.15
Josh Childress,1201,2287,52.51
Trevor Ariza,3969,9429,42.09
Sasha Vujacic,1069,2754,38.82
Nenad Krstic,1564,3198,48.91
Andris Biedrins,1276,2148,59.4
Chris Duhon,1171,3000,39.03
Devin Harris,3060,7073,43.26
Ben Gordon,3326,7624,43.63
Brandin Knight,0,1,0.0
Justin Reed,165,399,41.35
Andre Barrett,82,210,39.05
Mark Jones,9,31,29.03
Maciej Lampe,76,198,38.38
Lionel Chalmers,36,116,31.03
Maurice Baker,0,1,0.0
Luis Flores,12,23,52.17
Damien Wilkins,1083,2535,42.72
Jared Reiner,18,54,33.33
Delonte West,1527,3434,44.47
Donta Smith,69,164,42.07
Sebastian Telfair,1277,3286,38.86
Brandon Hunter,88,179,49.16
Robert Swift,145,284,51.06
Jackson Vroman,89,213,41.78
Matt Freije,47,161,29.19
Peter John Ramos,5,10,50.0
Matt Bonner,1564,3440,45.47
Andres Nocioni,1705,3985,42.79
Mario Kasun,68,143,47.55
Dwight Howard,6771,11520,58.78
Jameer Nelson,3392,7734,43.86
Emeka Okafor,2326,4483,51.88
Aaron Miles,5,15,33.33
Solomon Jones,285,617,46.19
Luther Head,949,2266,41.88
Wayne Simien,63,133,47.37
Alan Anderson,616,1461,42.16
Francisco Garcia,1323,3071,43.08
Danny Granger,3003,6994,42.94
James Singleton,321,686,46.79
Jordan Farmar,1466,3523,41.61
Rudy Gay,5746,12676,45.33
Brandon Bass,2233,4519,49.41
Lynn Greer,53,125,42.4
Shavlik Randolph,91,214,42.52
David Noel,57,163,34.97
Steve Novak,545,1206,45.19
Bracey Wright,41,102,40.2
Fabricio Oberto,490,844,58.06
Boniface Ndong,11,25,44.0
Maurice Ager,65,174,37.36
Marcus Vinicius,25,63,39.68
Pops Mensah-Bonsu,46,119,38.66
Donell Taylor,94,235,40.0
Anthony Grundy,16,30,53.33
Tyrus Thomas,989,2245,44.05
P.J. Tucker,2030,4820,42.12
Salim Stoudamire,410,1011,40.55
Channing Frye,2817,6395,44.05
Daniel Gibson,960,2318,41.42
CJ Miles,2531,6183,40.93
Derrick Zimmerman,2,2,100.0
Leon Powe,469,918,51.09
Deron Williams,4395,9828,44.72
Randy Holcomb,1,1,100.0
Cedric Simmons,67,159,42.14
Stephen Graham,351,791,44.37
J.J. Barea,2465,5835,42.25
Amir Johnson,2201,3836,57.38
Ivan McFarlin,5,13,38.46
Paul Davis,66,174,37.93
Andrew Bynum,1996,3606,55.35
Ronnie Brewer,1436,2879,49.88
Earl Barron,233,614,37.95
Hassan Adams,72,130,55.38
Daniel Ewing,126,327,38.53
Alexander Johnson,126,241,52.28
Linas Kleiza,1162,2642,43.98
Marcus Williams,417,1090,38.26
Sean May,288,629,45.79
Cedric Bozeman,11,38,28.95
Andray Blatche,1866,4031,46.29
Shannon Brown,983,2338,42.04
Ike Diogu,421,823,51.15
Nate Robinson,1963,4690,41.86
Patrick O'Bryant,68,142,47.89
Sergio Rodriguez,634,1565,40.51
Allan Ray,96,241,39.83
Will Blalock,6,25,24.0
Sarunas Jasikevicius,262,651,40.25
Chris Paul,7712,16303,47.3
Lou Williams,4935,11774,41.91
Chris Quinn,328,830,39.52
Arvydas Macijauskas,12,37,32.43
Antoine Wright,561,1375,40.8
Gerald Green,2239,5317,42.11
Esteban Batista,39,88,44.32
LaMarcus Aldridge,7715,15726,49.06
Andrea Bargnani,2527,5721,44.17
Vassilis Spanoulis,24,73,32.88
Kelenna Azubuike,705,1549,45.51
Charlie Villanueva,2224,5095,43.65
Robert Whaley,21,46,45.65
Hakim Warrick,1570,3169,49.54
Thabo Sefolosha,1756,3986,44.05
Jason Maxiell,1158,2242,51.65
Noel Felix,5,23,21.74
Mardy Collins,261,682,38.27
Ronny Turiaf,757,1419,53.35
Randy Foye,2282,5708,39.98
Luke Schenscher,20,41,48.78
Von Wafer,382,910,41.98
Marvin Williams,3522,8016,43.94
Ersan Ilyasova,2648,6096,43.44
Chuck Hayes,915,1791,51.09
Rajon Rondo,3889,8524,45.62
Desmon Farmer,7,18,38.89
Tarence Kinsey,173,379,45.65
Jarrett Jack,2700,6178,43.7
Dijon Thompson,16,39,41.03
Orien Greene,120,311,38.59
Will Bynum,832,1899,43.81
Mouhamed Sene,27,61,44.26
Eddie Basden,11,27,40.74
Dwayne Jones,27,56,48.21
Julius Hodge,11,25,44.0
Bobby Jones,85,199,42.71
Lawrence Roberts,102,221,46.15
Renaldo Balkman,328,659,49.77
James Lang,2,5,40.0
Kevin Burleson,20,81,24.69
Shawne Williams,631,1553,40.63
Adam Morrison,382,1025,37.27
Monta Ellis,4844,10631,45.56
Alex Acker,27,65,41.54
Walter Herrmann,265,608,43.59
Ronnie Price,663,1791,37.02
Raymond Felton,3494,8428,41.46
Travis Diener,246,628,39.17
Sergei Monia,26,83,31.33
David Lee,3683,6917,53.25
Devin Green,6,26,23.08
Anthony Roberson,91,218,41.74
Chris Taft,20,35,57.14
Melvin Sanders,14,26,53.85
Josh Powell,454,1015,44.73
Uros Slokar,7,16,43.75
Joey Graham,781,1620,48.21
Matt Walsh,1,1,100.0
Martynas Andriuskevicius,0,1,0.0
Rodney Carney,618,1463,42.24
Josh Boone,513,954,53.77
Dorell Wright,1319,3085,42.76
Jorge Garbajosa,212,505,41.98
Brandon Roy,2147,4678,45.9
Hilton Armstrong,318,647,49.15
JJ Redick,3666,8300,44.17
Ryan Gomes,1723,3844,44.82
Johan Petro,865,1858,46.56
Jose Calderon,2554,5453,46.84
Paul Millsap,5180,10752,48.18
Shelden Williams,521,1139,45.74
Quincy Douby,180,472,38.14
Yaroslav Korolev,8,30,26.67
Mile Ilic,0,3,0.0
Rashad McCants,838,1938,43.24
Gerald Fitch,30,89,33.71
Sharrod Ford,2,3,66.67
Chris McCray,0,3,0.0
Andrew Bogut,2785,5165,53.92
Mickael Gelabale,162,358,45.25
Kyle Lowry,5068,11904,42.57
Roger Powell,0,3,0.0
Yakhouba Diawara,223,641,34.79
Andre Owens,62,164,37.8
Andreas Glyniadakis,6,14,42.86
Craig Smith,1118,2011,55.59
Andre Brown,71,133,53.38
John Lucas III,340,895,37.99
Robert Hite,19,60,31.67
Damir Markota,18,49,36.73
Rawle Marshall,46,119,38.66
Martell Webster,1340,3239,41.37
Rodney Stuckey,2389,5666,42.16
Jermareo Davidson,59,135,43.7
Randolph Morris,48,117,41.03
Cheikh Samb,9,33,27.27
Mike Hall,1,4,25.0
Jeremy Richardson,28,77,36.36
Courtney Sims,3,7,42.86
Gabe Pruitt,39,124,31.45
Coby Karl,20,56,35.71
Kyrylo Fesenko,131,267,49.06
Oleksiy Pecherov,143,376,38.03
Thaddeus Young,5411,10843,49.9
Mario West,55,124,44.35
James Augustine,17,33,51.52
James White,23,55,41.82
Arron Afflalo,2527,5572,45.35
Marcin Gortat,3222,5794,55.61
Ian Mahinmi,1068,1965,54.35
Thomas Gardner,17,56,30.36
Dominic McGuire,326,792,41.16
Spencer Hawes,2012,4467,45.04
Darryl Watkins,12,29,41.38
Al Horford,5542,10946,50.63
Chris Richard,50,104,48.08
Sean Williams,206,406,50.74
C.J. Watson,1338,3207,41.72
Joel Anthony,380,754,50.4
Jared Dudley,2020,4313,46.84
Kevin Durant,9587,19419,49.37
Morris Almond,38,100,38.0
Lou Amundson,594,1257,47.26
Josh McRoberts,759,1611,47.11
Keith Langford,1,4,25.0
Acie Law,238,588,40.48
Luis Scola,3074,6239,49.27
Aaron Brooks,2099,5156,40.71
Ryan Hollins,596,1017,58.6
Guillermo Diaz,1,4,25.0
Stephane Lasme,23,56,41.07
Corey Brewer,2256,5333,42.3
Julian Wright,367,753,48.74
Nick Young,2554,6090,41.94
Mike Conley,4864,11141,43.66
Wilson Chandler,2848,6466,44.05
Aaron Gray,360,709,50.78
DJ Strawberry,28,81,34.57
Marco Belinelli,2612,6208,42.07
Jeff Green,4612,10361,44.51
Blake Ahearn,21,75,28.0
Jason Smith,1349,2874,46.94
Glen Davis,1448,3233,44.79
Brandan Wright,1003,1628,61.61
Darius Washington,19,42,45.24
Kevinn Pinkney,12,27,44.44
Carl Landry,1713,3182,53.83
Kasib Powell,32,85,37.65
Al Thornton,1222,2695,45.34
Kosta Perovic,3,10,30.0
Joakim Noah,1925,3960,48.61
Alando Tucker,69,163,42.33
Jamario Moon,666,1446,46.06
Renaldo Major,2,10,20.0
Daequan Cook,674,1824,36.95
Lance Allred,1,3,33.33
Justin Williams,55,93,59.14
Ramon Sessions,2057,4736,43.43
Will Conroy,3,11,27.27
Yi Jianlian,732,1815,40.33
Juan Carlos Navarro,275,681,40.38
Demetris Nichols,8,27,29.63
Taurean Green,4,22,18.18
Mike Harris,67,146,45.89
Javaris Crittenton,210,473,44.4
Nick Fazekas,35,66,53.03
Taj Gibson,3241,6166,52.56
Kyle Weaver,109,260,41.92
Nathan Jawai,46,107,42.99
Jeff Ayres,240,443,54.18
Steven Hill,1,1,100.0
Brook Lopez,5438,10963,49.6
Wayne Ellington,1917,4772,40.17
Trey Gilder,1,1,100.0
Greg Oden,301,528,57.01
Serge Ibaka,4472,8832,50.63
Austin Daye,452,1155,39.13
Bobby Brown,277,709,39.07
Sun Sun,3,10,30.0
Toney Douglas,862,2162,39.87
Courtney Lee,2670,5948,44.89
DeAndre Jordan,3434,5062,67.84
Joey Dorsey,129,243,53.09
Danny Green,2556,6182,41.35
Donte Greene,541,1328,40.74
J.R. Giddens,27,55,49.09
Sundiata Gaines,173,438,39.5
James Harden,7399,16874,43.85
Walter Sharpe,4,11,36.36
Jermaine Taylor,143,329,43.47
Hasheem Thabeet,112,201,55.72
Derrick Brown,331,648,51.08
Jason Thompson,1577,3207,49.17
Jonny Flynn,488,1217,40.1
Marcus Landry,23,71,32.39
Patty Mills,2671,6291,42.46
Roy Hibbert,2271,4906,46.29
Dontell Jefferson,11,22,50.0
Eric Gordon,4256,9901,42.99
David Andersen,193,445,43.37
Marcus Thornton,1745,4119,42.36
Kevin Love,4684,10714,43.72
George Hill,3267,7161,45.62
Sam Young,487,1100,44.27
DJ White,299,596,50.17
DaJuan Summers,76,220,34.55
D.J. Augustin,2768,6774,40.86
Gerald Henderson,1817,4147,43.81
Rudy Fernandez,696,1763,39.48
Alexis Ajinca,616,1209,50.95
Byron Mullens,336,814,41.28
Ryan Anderson,2251,5414,41.58
Brandon Rush,1110,2619,42.38
Roko Ukic,121,313,38.66
DeMar DeRozan,7256,15513,46.77
Jonas Jerebko,1289,2820,45.71
DeMarre Carroll,1718,4065,42.26
Goran Dragic,4238,9203,46.05
Anthony Tolliver,1321,3148,41.96
Othello Hunter,15,32,46.88
Darren Collison,2944,6217,47.35
Jawad Williams,111,300,37.0
Rodrigue Beaubois,393,884,44.46
Jeff Teague,3277,7446,44.01
Jrue Holiday,5463,11832,46.17
Anthony Randolph,585,1301,44.97
Dante Cunningham,1384,2964,46.69
James Johnson,2127,4427,48.05
Derrick Rose,4811,10592,45.42
Malik Hairston,50,105,47.62
Luc Mbah a Moute,1510,3274,46.12
Joe Crawford,3,10,30.0
Tyler Hansbrough,811,1853,43.77
Kosta Koufos,1420,2687,52.85
Danilo Gallinari,3124,7306,42.76
Jordan Hill,1233,2502,49.28
Chase Budinger,1037,2378,43.61
Taylor Griffin,4,10,40.0
JaVale McGee,2605,4507,57.8
Trey Johnson,17,43,39.53
Marreese Speights,1927,4238,45.47
Earl Clark,296,762,38.85
Marc Gasol,4322,9095,47.52
Jodie Meeks,1395,3319,42.03
Michael Beasley,2598,5547,46.84
Jon Brockman,98,203,48.28
Mario Chalmers,1878,4426,42.43
AJ Price,377,1001,37.66
DeJuan Blair,1104,2103,52.5
O.J. Mayo,2215,5228,42.37
Chris Hunter,100,192,52.08
Wesley Matthews,3392,8177,41.48
Stephen Curry,7719,16318,47.3
Sean Singletary,27,75,36.0
Cartier Martin,317,815,38.9
Lester Hudson,105,282,37.23
Jerryd Bayless,1436,3521,40.78
Robin Lopez,3051,5710,53.43
Sonny Weems,468,999,46.85
Ty Lawson,2089,4514,46.28
Rob Kurz,50,126,39.68
Henry Walker,356,812,43.84
Hamed Haddadi,93,200,46.5
Terrence Williams,351,882,39.8
JJ Hickson,1485,3001,49.48
Chris Douglas-Roberts,525,1190,44.12
DeMarcus Nelson,20,48,41.67
Darrell Arthur,1181,2718,43.45
Mike Taylor,89,202,44.06
Russell Westbrook,8465,19460,43.5
Anthony Morrow,1827,4072,44.87
Tyreke Evans,2921,6703,43.58
Joe Alexander,95,229,41.48
Brandon Jennings,2123,5550,38.25
Nicolas Batum,3418,7794,43.85
Omri Casspi,1553,3401,45.66
Darnell Jackson,108,243,44.44
Eric Maynor,353,914,38.62
Al-Farouq Aminu,1797,4275,42.04
Greg Stiemsma,148,257,57.59
Kevin Seraphin,835,1697,49.2
James Anderson,446,1071,41.64
Devin Ebanks,72,186,38.71
Solomon Alabi,15,45,33.33
Chris Wright,40,75,53.33
Manny Harris,167,450,37.11
Derrick Williams,1007,2280,44.17
John Wall,4217,9786,43.09
Oliver Lafayette,3,6,50.0
Nikola Pekovic,859,1671,51.41
Trevor Booker,1394,2707,51.5
Jeremy Pargo,76,205,37.07
Isaiah Thomas,2851,6593,43.24
Josh Selby,18,57,31.58
Othyus Jeffers,57,125,45.6
Bismack Biyombo,1443,2640,54.66
Markieff Morris,2837,6327,44.84
Josh Harrellson,105,249,42.17
Hamady Ndiaye,9,18,50.0
Tristan Thompson,2313,4402,52.54
Armon Johnson,63,132,47.73
Greivis Vasquez,929,2299,40.41
Gary Neal,1080,2551,42.34
Derrick Caracter,27,62,43.55
Gordon Hayward,3794,8331,45.54
Marcus Morris Sr.,3394,7762,43.73
Travis Leslie,7,24,29.17
Ed Davis,1440,2551,56.45
Luke Babbitt,566,1367,41.4
Ricky Rubio,2215,5656,39.16
Nikola Vucevic,5390,10964,49.16
Omer Asik,648,1257,51.55
Willie Warren,12,33,36.36
Ben Uzoh,93,238,39.08
Enes Freedom,3261,5968,54.64
Jeff Adrien,193,381,50.66
Dominique Jones,33,87,37.93
Carldell Johnson,8,25,32.0
Larry Owens,18,41,43.9
Ish Smith,2263,5271,42.93
Chris Singleton,130,347,37.46
Xavier Henry,306,733,41.75
MarShon Brooks,425,954,44.55
Tiago Splitter,827,1495,55.32
Marcus Cousin,3,6,50.0
Cedric Jackson,6,20,30.0
E'Twaun Moore,1694,3642,46.51
Kyrie Irving,5627,11834,47.55
Lance Thomas,652,1599,40.78
Damion James,81,189,42.86
Andy Rautins,3,13,23.08
Antonio Anderson,1,3,33.33
Lance Stephenson,1777,4013,44.28
Trey Thompkins,23,60,38.33
Vernon Macklin,14,24,58.33
Dennis Horner,1,4,25.0
Shelvin Mack,1090,2619,41.62
Jordan Crawford,974,2399,40.6
Craig Brackins,9,36,25.0
Norris Cole,896,2190,40.91
Klay Thompson,5562,12250,45.4
Ivan Johnson,137,281,48.75
Cory Joseph,2140,4807,44.52
Jerome Jordan,77,140,55.0
Chandler Parsons,1646,3610,45.6
Terrel Harris,25,72,34.72
Kemba Walker,4522,10808,41.84
Iman Shumpert,1213,3061,39.63
Luke Harangody,95,234,40.6
Quincy Pondexter,498,1160,42.93
Alec Burks,2222,5346,41.56
Jeremy Tyler,137,310,44.19
Pooh Jeter,90,233,38.63
Eric Bledsoe,3456,7657,45.14
Garret Siler,17,30,56.67
Landry Fields,567,1188,47.73
Chris Johnson,255,642,39.72
Cole Aldrich,373,709,52.61
Reggie Jackson,3599,8455,42.57
Christian Eyenga,112,259,43.24
Blake Griffin,5145,10480,49.09
Ekpe Udoh,379,827,45.83
Patrick Patterson,1569,3602,43.56
Pape Sy,4,8,50.0
Garrett Temple,1431,3598,39.77
Timofey Mozgov,1233,2335,52.81
Mustafa Shakur,21,60,35.0
Dexter Pittman,42,94,44.68
Kawhi Leonard,4902,9850,49.77
Jimmy Butler,4628,9902,46.74
Lazar Hayward,64,180,35.56
Gary Forbes,233,541,43.07
Avery Bradley,2790,6379,43.74
Jon Leuer,962,1994,48.24
Sherron Collins,7,23,30.43
JaJuan Johnson,50,112,44.64
Paul George,5579,12757,43.73
Derrick Favors,3095,5728,54.03
Semih Erden,98,175,56.0
Nolan Smith,64,168,38.1
Alonzo Gee,626,1421,44.05
Cory Higgins,43,145,29.66
DeMarcus Cousins,3919,8500,46.11
Wesley Johnson,1409,3463,40.69
Jimmer Fredette,361,883,40.88
Jeremy Evans,325,601,54.08
Andrew Goudelock,106,254,41.73
Evan Turner,2299,5342,43.04
Brandon Knight,1780,4346,40.96
Mickell Gladness,24,56,42.86
Larry Sanders,344,766,44.91
Samardo Samuels,183,418,43.78
Jeremy Lin,1581,3609,43.81
Greg Monroe,2696,5248,51.37
Zabian Dowdell,45,113,39.82
Elias Harris,7,15,46.67
Michael Carter-Williams,1405,3569,39.37
Diante Garrett,98,255,38.43
Derrick Byars,3,11,27.27
Jamaal Franklin,22,56,39.29
Kentavious Caldwell-Pope,3079,7260,42.41
Ian Clark,812,1834,44.27
Tony Snell,1363,3202,42.57
Ben McLemore,1766,4280,41.26
Maurice Harkless,1522,3214,47.36
Solomon Hill,827,2156,38.36
Quincy Acy,531,1206,44.03
Jeremy Lamb,2078,4728,43.95
John Jenkins,235,511,45.99
Miles Plumlee,746,1378,54.14
Terrence Jones,1036,2132,48.59
D.J. Kennedy,9,22,40.91
Orlando Johnson,62,186,33.33
Patrick Beverley,1824,4409,41.37
Quincy Miller,108,298,36.24
Kent Bazemore,1888,4574,41.28
Andre Roberson,594,1292,45.98
Hassan Whiteside,2532,4354,58.15
Michael Kidd-Gilchrist,1173,2494,47.03
Will Barton,2670,6175,43.24
Shabazz Muhammad,920,1981,46.44
Edwin Ubiles,4,14,28.57
Gigi Datome,65,157,41.4
Darius Miller,496,1176,42.18
Draymond Green,2802,6231,44.97
Mychel Thompson,5,21,23.81
Dionte Christmas,33,91,36.26
Isaiah Canaan,625,1650,37.88
Gustavo Ayon,156,292,53.42
Erik Murphy,9,36,25.0
Jan Vesely,206,387,53.23
Dewayne Dedmon,1256,2404,52.25
Jeffery Taylor,144,357,40.34
Ray McCallum,364,892,40.81
Mike Scott,1463,3171,46.14
Miroslav Raduljica,70,136,51.47
Darington Hobson,2,13,15.38
Kyle Singler,564,1355,41.62
Phil Pressey,180,529,34.03
Bradley Beal,5610,12102,46.36
Thomas Robinson,520,1076,48.33
Justin Dentmon,10,28,35.71
Greg Smith,78,134,58.21
Marquis Teague,55,168,32.74
Peyton Siva,21,62,33.87
Maalik Wayns,16,44,36.36
Nemanja Nedovic,24,75,32.0
Damian Lillard,5991,13668,43.83
Carrick Felix,15,30,50.0
Justin Harper,39,92,42.39
Festus Ezeli,259,472,54.87
Pero Antic,238,643,37.01
Austin Rivers,2141,5142,41.64
Perry Jones III,177,439,40.32
Eric Dawson,8,20,40.0
Dion Waiters,1755,4231,41.48
Tyler Zeller,901,1722,52.32
Kenneth Faried,1806,3315,54.48
Anthony Davis,5902,11313,52.17
Ryan Kelly,328,825,39.76
Matthew Dellavedova,955,2513,38.0
Viacheslav Kravtsov,14,21,66.67
Anthony Bennett,267,703,37.98
Vitor Faverani,83,181,45.86
Pablo Prigioni,259,641,40.41
Tyler Honeycutt,6,19,31.58
Giannis Antetokounmpo,6404,11919,53.73
Nate Wolters,201,461,43.6
Jeff Withey,239,476,50.21
CJ McCollum,5099,11377,44.82
Vander Blue,23,64,35.94
Ricky Ledo,56,172,32.56
Ryan Reid,2,3,66.67
DeAndre Liggins,117,300,39.0
Nando De Colo,64,165,38.79
Doron Lamb,57,138,41.3
Kendall Marshall,251,620,40.48
Ben Hansbrough,0,4,0.0
Jared Cunningham,93,247,37.65
Alexey Shved,222,602,36.88
Adonis Thomas,9,30,30.0
Jerry Smith,3,11,27.27
Walker Russell,29,80,36.25
Jerome Dyson,19,48,39.58
Tony Mitchell,17,27,62.96
Shane Larkin,541,1285,42.1
Robert Covington,2177,5349,40.7
Aron Baynes,1223,2515,48.63
Brandon Davies,116,286,40.56
Lorenzo Brown,128,366,34.97
Courtney Fortson,11,32,34.38
Terrence Ross,2814,6736,41.78
Elliot Williams,194,462,41.99
Jonas Valanciunas,3989,7116,56.06
Archie Goodwin,384,899,42.71
Julyan Stone,26,73,35.62
Xavier Silas,17,56,30.36
Victor Oladipo,3008,6994,43.01
Charles Jenkins,107,241,44.4
Allen Crabbe,1226,2873,42.67
Andre Drummond,4058,7491,54.17
Harrison Barnes,3928,8668,45.32
Gal Mekel,70,195,35.9
Mason Plumlee,2462,4183,58.86
Jarvis Varnado,38,70,54.29
Andrew Nicholson,477,1048,45.52
Tim Hardaway Jr.,3145,7514,41.86
Reggie Bullock,1429,3354,42.61
Joel Freeland,170,364,46.7
Kyle O'Quinn,981,1897,51.71
Jeff Foote,2,4,50.0
Daniel Orton,37,73,50.68
Darius Morris,121,301,40.2
Mirza Teletovic,895,2250,39.78
Sergey Karasev,114,283,40.28
Steven Adams,2776,4677,59.35
Evan Fournier,3325,7548,44.05
Rudy Gobert,3224,4924,65.48
Trey Burke,1808,4371,41.36
Henry Sims,404,881,45.86
Toure' Murry,76,171,44.44
Arnett Moultrie,41,88,46.59
James Nunnally,34,99,34.34
Keith Benson,20,39,51.28
Tornike Shengelia,12,27,44.44
Chris Babb,14,43,32.56
Arinze Onuaku,29,45,64.44
Cody Zeller,1630,3137,51.96
Victor Claver,29,76,38.16
Jared Sullinger,1090,2512,43.39
Donald Sloan,431,1043,41.32
Nick Calathes,258,581,44.41
John Henson,1273,2305,55.23
Chris Copeland,220,591,37.23
Brian Roberts,568,1389,40.89
Otto Porter Jr.,2219,4612,48.11
Jae Crowder,2560,6144,41.67
Robert Sacre,303,696,43.53
Malcolm Lee,22,58,37.93
Dennis Schroder,3580,8288,43.19
Dwight Buycks,124,311,39.87
Tyshawn Taylor,43,116,37.07
Bernard James,33,78,42.31
Gorgui Dieng,1703,3417,49.84
Jordan Hamilton,269,655,41.07
Alex Len,1650,3229,51.1
Ognjen Kuzmic,25,46,54.35
Hollis Thompson,716,1723,41.56
Jordan Williams,68,134,50.75
Kelly Olynyk,2496,5237,47.66
Khris Middleton,4379,9626,45.49
Mike Muscala,1083,2362,45.85
Robbie Hummel,155,372,41.67
Scott Machado,8,24,33.33
Lavoy Allen,632,1312,48.17
Meyers Leonard,858,1797,47.75
Donatas Motiejunas,626,1364,45.89
Malcolm Thomas,25,54,46.3
Tobias Harris,5001,10419,48.0
Tony Wroten,528,1289,40.96
Zach LaVine,3727,8097,46.03
Richard Hickman Jr.,4,8,50.0
Eric Boateng,0,2,0.0
Carlos Morais,1,3,33.33
Joffrey Lauvergne,478,986,48.48
Romero Osby,11,20,55.0
Russ Smith,37,106,34.91
Patric Young,3,10,30.0
Michael Lee,0,1,0.0
Gege Chaia,2,9,22.22
Fran Pilepic,3,4,75.0
Rodney Hood,1667,3992,41.76
Keith Appling,4,20,20.0
Casper Ware,36,95,37.89
Tim Ohlbrecht,1,1,100.0
Seth Curry,1785,3791,47.09
Jackie Carmichael,3,10,30.0
Gani Lawal,2,8,25.0
Trey McKinney-Jones,1,1,100.0
Izzet Turkyilmaz,1,2,50.0
Mac Koshwal,3,6,50.0
Kyle Hines,7,13,53.85
Zoran Vrkic,3,6,50.0
Aleks Maric,1,3,33.33
Jamil Wilson,46,113,40.71
Devyn Marble,58,168,34.52
Brock Motum,3,5,60.0
Khem Birch,563,1083,51.99
Glenn Robinson III,717,1547,46.35
James Ennis III,962,2093,45.96
Richard Solomon,3,5,60.0
Luke Hancock,1,1,100.0
Aaron Jackson,6,19,31.58
Jarnell Stokes,68,127,53.54
Vladimir Micov,6,15,40.0
Kalin Lucas,11,26,42.31
Yogev Ohayon,2,14,14.29
Jonas Wohlfarth Botterman,1,3,33.33
Brian Qvale,0,1,0.0
Drew Gordon,22,41,53.66
Jabari Brown,69,170,40.59
Roger Grimau,5,7,71.43
Milos Teodosic,180,434,41.47
Leon Radosevic,2,7,28.57
Eric Griffin,8,20,40.0
Axel Hervelle,5,13,38.46
Dante Exum,540,1300,41.54
Luka Zoric,6,10,60.0
Fab Melo,2,6,33.33
Spencer Dinwiddie,2111,5039,41.89
Courtney Fells,7,13,53.85
Sylven Landesberg,13,26,50.0
Dairis Bertans,18,54,33.33
Vojdan Stojanovski,2,2,100.0
Zoran Dragic,12,35,34.29
Micheal Eric,10,15,66.67
Doug McDermott,2005,4250,47.18
Joe Harris,1849,3911,47.28
Marko Banic,3,6,50.0
David Wear,0,1,0.0
Kenny Kadji,10,30,33.33
James Birsen,3,6,50.0
Victor Khryapa,11,19,57.89
Guy Pnini,7,18,38.89
JaMychal Green,1634,3412,47.89
Nicolas Laprovittola,23,74,31.08
Bogdan Bogdanovic,1895,4323,43.84
Tim Frazier,483,1203,40.15
Royce White,7,20,35.0
Clint Capela,3019,4844,62.32
Vitaly Fridzon,7,18,38.89
Trent Lockett,2,3,66.67
Erick Green,90,239,37.66
Johnny O'Bryant III,230,569,40.42
Ido Kozikaro,2,4,50.0
Jordan Clarkson,3893,8834,44.07
Alex King,2,4,50.0
Oguz Savas,7,8,87.5
Kris Joseph,8,18,44.44
Marcus Smart,2399,6170,38.88
Ben Reis,3,19,15.79
David Lighty,0,2,0.0
Tomer Bar-Even,0,5,0.0
Joe Ingles,1928,4288,44.96
Sim Bhullar,2,3,66.67
Justin Cobbs,1,3,33.33
Andrew Wiggins,4475,9970,44.88
Nick Johnson,45,152,29.61
Bryce Cotton,43,103,41.75
Reggie Redding,5,13,38.46
Anton Shoutvin,8,16,50.0
Troy Daniels,759,1925,39.43
Markel Brown,202,526,38.4
Jerome Meyinsse,22,40,55.0
German Gabriel,2,10,20.0
Charlie Westbrook,4,15,26.67
Jack Cooley,24,59,40.68
Akeem Vargas,1,4,25.0
Cameron Bairstow,24,71,33.8
Aaron Craft,5,9,55.56
Bruno Caboclo,173,436,39.68
Marcelinho Machado,17,38,44.74
JaKarr Sampson,457,989,46.21
Jerami Grant,2525,5593,45.15
Kostas Papanikolaou,105,313,33.55
Jordan Adams,53,132,40.15
James Michael McAdoo,153,297,51.52
Mitch McGary,111,209,53.11
Leroy Hickerson,12,25,48.0
Chris Smith,0,4,0.0
Jamel Mclean,6,9,66.67
Michael Jenkins,14,34,41.18
Furkan Aldemir,43,84,51.19
Darius Johnson-Odom,4,16,25.0
Brady Heslip,12,21,57.14
Jarell Eddie,28,100,28.0
DeShawn Sims,2,2,100.0
Elfrid Payton,1997,4453,44.85
Cory Jefferson,107,229,46.72
Moritz Wagner,705,1428,49.37
Gasper Vidmar,1,4,25.0
Nikola Mirotic,1382,3302,41.85
Gary Harris,2145,4748,45.18
David Cubillan,18,34,52.94
David Stockton,15,32,46.88
Jeff Allen,24,51,47.06
Sherwood Brown,4,10,40.0
T.J. Warren,2167,4303,50.36
Marquez Haynes,2,11,18.18
Emir Preldzic,6,18,33.33
Ike Ofoegbu,9,36,25.0
Jusuf Nurkic,2269,4561,49.75
Grant Jerrett,13,40,32.5
Sasha Kaun,19,33,57.58
Andre Dawkins,9,24,37.5
Adreian Payne,174,430,40.47
Alex Chubrevich,12,36,33.33
Noah Vonleh,667,1424,46.84
Olivinha,8,14,57.14
Langston Galloway,1252,3192,39.22
Justin Holiday,1734,4384,39.55
Rene Rougeau,10,33,30.3
Cameron Jones,11,31,35.48
Nik Stauskas,748,1924,38.88
Danielzinho Lorio,0,1,0.0
Brian Randle,27,46,58.7
James Young,104,287,36.24
Niels Giffy,3,9,33.33
Will Cherry,8,29,27.59
Talib Zanna,11,22,50.0
Luis Chupeta,0,1,0.0
Ayberk Olmaz,0,1,0.0
Rodney McGruder,690,1640,42.07
KJ McDaniels,319,785,40.64
Sean Kilpatrick,551,1341,41.09
Alex Mumbru,2,13,15.38
Shawn Jones,6,9,66.67
Alex Renfoe,5,9,55.56
Nate Linhart,3,8,37.5
Kenan Sipahi,1,7,14.29
Ronald Roberts Jr.,7,10,70.0
Patrick Christopher,15,40,37.5
Mitchell Watt,3,8,37.5
Daniel Nwaelele,3,7,42.86
Tyler Ennis,309,755,40.93
Roscoe Smith,9,20,45.0
Moran Roth,8,18,44.44
DeQuan Jones,4,9,44.44
Jabari Parker,1776,3621,49.05
Nemanja Bjelica,1232,2679,45.99
Joe Jackson,1,3,33.33
Kyle Anderson,1626,3358,48.42
Stephen Holt,5,11,45.45
Vitor Benite,4,22,18.18
Shayne Whittington,35,70,50.0
Cleanthony Early,100,272,36.76
Jorge Gutierrez,67,148,45.27
Khalif Wyatt,6,14,42.86
Bo McCalebb,10,27,37.04
Tony Gaffney,4,15,26.67
Shabazz Napier,820,2040,40.2
Dwight Powell,1563,2664,58.67
Serhat Cetin,0,2,0.0
Rodney Williams,1,3,33.33
Kevin Murphy,4,5,80.0
Justin Hamilton,271,570,47.54
Dagan Yivzuri,5,27,18.52
Mickey McConnell,3,10,30.0
C.J. Wilcox,59,159,37.11
Jerel McNeal,2,8,25.0
Myck Kabongo,1,1,100.0
Lucas Nogueira,187,299,62.54
Julius Randle,4056,8678,46.74
Aaron Gordon,3143,6653,47.24
Tarik Black,435,791,54.99
Elijah Millsap,94,275,34.18
Mustapha Farrakhan,0,2,0.0
PJ Hairston,258,737,35.01
Christian Watford,0,3,0.0
Shane Edwards,5,14,35.71
Olek Czyz,8,12,66.67
Antanas Kavaliauskas,4,8,50.0
Will Frisby,2,7,28.57
James Southerland,6,15,40.0
Willie Reed,338,572,59.09
Uri Kokia,1,7,14.29
Eric Moreland,83,148,56.08
Cristiano Felicio,459,804,57.09
Travis Wear,98,251,39.04
CJ Fair,5,10,50.0
Jerrelle Benimon,5,9,55.56
Damjan Rudez,185,448,41.29
Jake Cohen,1,8,12.5
Bojan Bogdanovic,3473,7616,45.6
Melih Mahmutoglu,3,12,25.0
Nerlens Noel,1339,2472,54.17
Larry Drew II,27,82,32.93
Josh Bostic,0,3,0.0
Baris Ermis,1,1,100.0
E.J. Singler,4,14,28.57
Alex Kirk,5,19,26.32
Dee Bost,5,13,38.46
Dagan Yivzori,9,17,52.94
Devin Smith,7,19,36.84
Ben Altit,0,2,0.0
Brody Angley,16,37,43.24
Alex Tyus,5,11,45.45
Kevin Jones,3,5,60.0
CJ Leslie,3,5,60.0
Kyle Fogg,6,22,27.27
Tyler Johnson,1267,2925,43.32
DJ Stephens,28,59,47.46
Scotty Hopson,2,9,22.22
Clifford Hammonds,7,14,50.0
Demontez Stitt,15,45,33.33
Hector Hernandez,12,34,35.29
Corey Walden,1,6,16.67
Brandon Ingram,2664,5750,46.33
Justin Anderson,475,1173,40.49
Josh Huestis,86,251,34.26
Alan Williams,157,309,50.81
Jahlil Okafor,1081,1997,54.13
Stephen Zimmerman,16,42,38.1
RJ Hunter,70,196,35.71
Domantas Sabonis,2852,5197,54.88
Robert Upshaw,2,5,40.0
Dorian Finney-Smith,1435,3253,44.11
Henry Ellenson,139,353,39.38
Michael Gbinije,10,33,30.3
Pat Connaughton,1171,2692,43.5
Corey Hawkins,2,2,100.0
Cameron Payne,1076,2597,41.43
Brandon Ashley,8,33,24.24
Luis Montero,9,30,30.0
Derrick Jones Jr.,768,1517,50.63
Kristaps Porzingis,2667,5885,45.32
T.J. McConnell,1641,3275,50.11
D'Angelo Russell,3133,7369,42.52
Nick Wiggins,3,5,60.0
Chris Walker,8,16,50.0
Troy Williams,184,397,46.35
Rondae Hollis-Jefferson,971,2160,44.95
Jaleel Roberts,5,10,50.0
Kleon Penn,0,2,0.0
Willy Hernangomez,909,1728,52.6
Ron Baker,117,322,36.34
Jonathon Simmons,858,1939,44.25
Sam Thompson,2,6,33.33
Tyler Ulis,384,959,40.04
Montrezl Harrell,2550,4150,61.45
Georgios Papagiannis,84,161,52.17
Mindaugas Kuzminskas,168,384,43.75
Richaun Holmes,1527,2537,60.19
John Holland,42,100,42.0
Kevon Looney,1091,1860,58.66
Jordan McRae,310,768,40.36
Cliff Alexander,9,16,56.25
Davis Bertans,1082,2566,42.17
Alex Stepheson,11,40,27.5
Treveon Graham,245,640,38.28
Bryce Dejean-Jones,45,103,43.69
Yogi Ferrell,658,1573,41.83
Mario Hezonja,840,2044,41.1
Tre Kelley,3,7,42.86
Aaron Harrison,34,120,28.33
Joel Bolomboy,31,48,64.58
Rashad Vaughn,193,558,34.59
Karl-Anthony Towns,4200,7979,52.64
Andrew Harrison,326,880,37.05
Thon Maker,440,1023,43.01
Briante Weber,73,191,38.22
Coty Clarke,2,4,50.0
Devin Booker,4579,9927,46.13
Salah Mejri,265,450,58.89
Frank Kaminsky,1297,3022,42.92
JP Tokoto,6,16,37.5
Jarrid Famous,3,9,33.33
Jakob Poeltl,1632,2619,62.31
Stanley Johnson,1006,2562,39.27
Chris Daniels,14,34,41.18
Kyle Wiltjer,25,58,43.1
Trey Lyles,1382,3176,43.51
Tomas Satoransky,934,1992,46.89
Jason Washburn,0,1,0.0
Bryn Forbes,1428,3249,43.95
Michael Frazier II,10,35,28.57
Devin Sweetney,2,6,33.33
Guillermo Hernangomez,2,6,33.33
Pierre Jackson,14,53,26.42
Norman Powell,2159,4661,46.32
Xavier Munford,43,111,38.74
Greg Whittington,5,24,20.83
AJ Hammons,28,61,45.9
Nikola Jokic,4933,8965,55.03
Marquese Chriss,834,1819,45.85
Jarell Martin,371,858,43.24
Semaj Christon,83,245,33.88
Emmanuel Mudiay,1154,2927,39.43
Demetrius Jackson,25,49,51.02
Caris LeVert,1985,4537,43.75
Sheldon Mac,51,115,44.35
Jaylen Brown,3745,7815,47.92
Timothe Luwawu-Cabarrot,646,1662,38.87
Will Cummings,6,19,31.58
Edy Tavares,49,83,59.04
Nicolas Brussino,68,174,39.08
Boban Marjanovic,711,1238,57.43
Marshall Henderson,0,1,0.0
Keifer Sykes,71,203,34.98
Lazeric Jones,11,28,39.29
Juancho Hernangomez,589,1415,41.63
Tibor Pleiss,14,32,43.75
Wesley Saunders,1,1,100.0
Taurean Prince,1546,3639,42.48
Jerian Grant,613,1499,40.89
Pascal Siakam,3114,6423,48.48
Isaiah Whitehead,231,582,39.69
Fred VanVleet,2097,5224,40.14
Malcolm Brogdon,2315,5040,45.93
Cheick Diallo,384,648,59.26
Larry Nance Jr.,1515,2789,54.32
Scottie Wilbekin,16,30,53.33
Kay Felder,107,294,36.39
Terran Petteway,2,2,100.0
Terrico White,0,3,0.0
Jamal Murray,2802,6208,45.14
Netanel Artzi,1,5,20.0
Melvin Ejim,6,13,46.15
Georges Niang,924,2117,43.65
Kelly Oubre Jr.,2382,5492,43.37
Damien Inglis,19,49,38.78
Jonathan Gibson,58,151,38.41
Christian Wood,1431,2779,51.49
Nnanna Egwu,3,7,42.86
Rakeem Christmas,28,53,52.83
Tim Quarterman,17,37,45.95
Joshua Smith,22,36,61.11
Dragan Bender,366,930,39.35
Thanasis Antetokounmpo,194,381,50.92
Jordan Mickey,99,208,47.6
Dejounte Murray,2180,4764,45.76
Travis Trice II,2,5,40.0
Marcelo Huertas,128,309,41.42
Maurice Ndour,53,125,42.4
Kris Dunn,865,2032,42.57
Jake Layman,454,988,45.95
Daniel Ochefu,20,46,43.48
Joe Young,200,505,39.6
Willie Cauley-Stein,1452,2675,54.28
Branden Dawson,7,15,46.67
Jordan Sibert,2,11,18.18
Anthony Brown,67,199,33.67
Matt Janning,0,1,0.0
Buddy Hield,2927,6780,43.17
Michale Kyser,0,1,0.0
Quinn Cook,536,1171,45.77
Malik Beasley,1616,3850,41.97
Wade Baldwin IV,67,198,33.84
Patrick McCaw,320,770,41.56
Youssou Ndoye,2,6,33.33
Malachi Richardson,74,206,35.92
Omari Johnson,13,33,39.39
Ivica Zubac,1515,2516,60.21
Lamar Patterson,45,125,36.0
Sampson Carter,1,2,50.0
Delon Wright,1181,2566,46.02
Josh Richardson,2062,4861,42.42
DeAndre' Bembry,694,1467,47.31
Bobby Portis,2460,5241,46.94
Dez Wells,0,1,0.0
Denzel Livingston,9,27,33.33
Justise Winslow,1111,2723,40.8
Raul Neto,941,2088,45.07
Dario Saric,1616,3648,44.3
Duje Dukan,3,12,25.0
Luka Doncic,3195,6849,46.65
Arsalan Kazemi,0,1,0.0
Diamond Stone,7,22,31.82
Tyus Jones,1382,3220,42.92
Nick Minnerath,11,22,50.0
Myles Turner,2419,4875,49.62
Denzel Valentine,645,1616,39.91
Sam Dekker,470,1000,47.0
Darion Atkins,0,2,0.0
Deshaun Thomas,2,9,22.22
Kadeem Jack,0,2,0.0
Levi Randolph,6,11,54.55
Terry Rozier,2712,6507,41.68
Darrun Hilliard,110,284,38.73
Jordan Bachynski,1,1,100.0
Malcolm Delaney,259,675,38.37
Skal Labissiere,423,857,49.36
Chris McCullough,86,203,42.36
Axel Toupane,33,88,37.5
Paul Zipser,190,499,38.08
Jaron Johnson,4,9,44.44
Alex Abrines,299,768,38.93
Deyonta Davis,194,330,58.79
JJ O'Brien,2,8,25.0
Marshall Plumlee,25,48,52.08
Corey Webster,1,5,20.0
Joel Embiid,3696,7446,49.64
Shannon Scott,1,2,50.0
Ryan Boatright,6,18,33.33
Oz Blayzer,13,32,40.63
Okaro White,52,129,40.31
Nick Zeisloft,0,1,0.0
Vashil Fernandez,1,1,100.0
Beau Beech,1,3,33.33
Kyle Collinsworth,34,93,36.56
Sindarius Thornwell,146,367,39.78
Ryan Arcidiacono,350,825,42.42
Marcos Mata,5,11,45.45
Mike Tobey,5,12,41.67
Chinanu Onuaku,10,15,66.67
Lonzo Ball,1040,2612,39.82
Alfonzo McKinnie,290,624,46.47
Antonio Blakeney,209,532,39.29
Terrance Ferguson,324,807,40.15
Tyler Cavanaugh,67,153,43.79
D'Vauntes Smith-Rivera,0,1,0.0
Gustavo Nicolas Agurre,4,10,40.0
Shawn Long,69,136,50.74
Patricio Garino,6,20,30.0
Vincent Hunter,16,27,59.26
Zach Collins,681,1439,47.32
Kobi Simmons,85,198,42.93
Andrew White III,25,75,33.33
Damion Lee,793,1839,43.12
Derrick Walton Jr.,35,99,35.35
Luke Kennard,1252,2750,45.53
Josh Magette,21,62,33.87
Dwayne Bacon,578,1424,40.59
Bam Adebayo,2557,4659,54.88
Cedi Osman,1354,3164,42.79
Luke Kornet,400,863,46.35
Antonius Cleveland,33,70,47.14
Daniel Theis,970,1789,54.22
Jalen Jones,54,137,39.42
Guerschon Yabusele,64,154,41.56
Frank Mason III,236,581,40.62
Gabriel Deck,49,91,53.85
Tyrone Wallace,223,530,42.08
Isaiah Taylor,161,380,42.37
Jawun Evans,102,292,34.93
Quincy Ford,1,1,100.0
Damyean Dotson,588,1418,41.47
Semi Ojeleye,324,864,37.5
Shaquille Harrison,360,818,44.01
Andrew Andrews,2,3,66.67
Jayson Tatum,3955,8714,45.39
Tony Bradley,341,541,63.03
Furkan Korkmaz,756,1849,40.89
T.J. Leaf,213,427,49.88
Sterling Brown,514,1252,41.05
D.J. Wilson,245,596,41.11
London Perrantes,3,14,21.43
Myke Henry,41,109,37.61
Alex Caruso,644,1499,42.96
Jacob Wiley,1,4,25.0
Gary Payton II,402,722,55.68
Isaiah Hicks,37,79,46.84
Keith Hornsby,3,8,37.5
Rasheed Sulaimon,2,11,18.18
Shawn Dawson,2,4,50.0
Ivan Rabb,180,335,53.73
Livio Jean-Charles,3,6,50.0
O.G. Anunoby,1620,3455,46.89
Jacob Pullen,4,12,33.33
Marcus Georges-Hunt,24,57,42.11
Thomas Bryant,875,1482,59.04
Abdel Nader,325,774,41.99
Jonathan Holmes,23,47,48.94
Zhou Qi,13,43,30.23
Stefan Jankovic,0,2,0.0
Royce O'Neale,1084,2491,43.52
Jabari Bird,19,33,57.58
Elgin Cook,2,4,50.0
Drew Crawford,14,36,38.89
Derrick White,1522,3396,44.82
Gian Clavell,22,55,40.0
Charles Cooke,3,18,16.67
Daniel Hamilton,33,90,36.67
Milton Doyle,13,47,27.66
Damian Jones,471,723,65.15
Markelle Fultz,935,1997,46.82
Davon Reed,135,328,41.16
Josh Hart,1256,2706,46.42
Walt Lemon Jr.,32,70,45.71
Maxi Kleber,920,2058,44.7
Brice Johnson,32,78,41.03
Matt Costello,10,22,45.45
Josh Gray,11,41,26.83
Dillon Brooks,1865,4517,41.29
Cat Barber,5,16,31.25
John Collins,2277,4160,54.74
James Webb III,14,45,31.11
Dennis Smith Jr.,1043,2561,40.73
Kyle Kuzma,2495,5599,44.56
Malcolm Miller,38,84,45.24
Alex Poythress,68,147,46.26
Tyler Dorsey,245,641,38.22
Julian Jacobs,1,2,50.0
Reggie Hearn,1,2,50.0
Matias Sandes,3,5,60.0
Danuel House Jr.,712,1674,42.53
PJ Dozier,283,687,41.19
Kaleb Tarczewski,2,3,66.67
Chasson Randle,232,556,41.73
Matt Williams Jr.,5,18,27.78
Marcus Paige,10,21,47.62
Jarrod Uthoff,20,50,40.0
Thomas Walkup,0,2,0.0
Wes Iwundu,341,861,39.61
Torrey Craig,914,2044,44.72
Brandon Paul,73,163,44.79
Trey Freeman,0,1,0.0
C.J. Williams,110,251,43.82
Jarrett Allen,1801,2888,62.36
Josh Jackson,1184,2820,41.99
De'Aaron Fox,2836,6043,46.93
Lauri Markkanen,2063,4519,45.65
Johnathan Motley,96,179,53.63
Mathias Calfani,4,7,57.14
Santiago Scala,4,8,50.0
Jonathan Isaac,504,1178,42.78
Nigel Hayes,13,39,33.33
Egidijus Mockevicius,0,1,0.0
Kadeem Allen,86,198,43.43
Ike Anigbogu,4,13,30.77
Monte Morris,1473,3086,47.73
Isaiah Cousins,0,1,0.0
Malik Monk,1468,3450,42.55
Jameel Warney,5,8,62.5
Justin Jackson,575,1410,40.78
David Nwaba,567,1170,48.46
J.J. Avila,1,1,100.0
Alec Peters,27,72,37.5
Caleb Swanigan,76,178,42.7
Wayne Selden,335,820,40.85
Ante Zizic,266,457,58.21
Scott Wood,1,4,25.0
Naz Mitrou-Long,16,45,35.56
Dakari Johnson,21,44,47.73
Ben Simmons,1944,3457,56.23
Perry Ellis,5,20,25.0
Frank Ntilikina,557,1507,36.96
Donovan Mitchell,3782,8450,44.76
Jamel Artis,28,70,40.0
Jordan Bell,284,505,56.24
Ben Bentil,3,11,27.27
Selem Safar,0,4,0.0
Tyler Lydon,10,23,43.48
Svi Mykhailiuk,577,1419,40.66
Lonnie Walker IV,914,2193,41.68
L.J. Peak,1,1,100.0
Tai Wesley,5,12,41.67
Mo Bamba,790,1652,47.82
Chimezie Metu,450,922,48.81
Harry Giles III,346,681,50.81
Robert Williams III,780,1078,72.36
Jeremy Morgan,1,3,33.33
Yante Maten,1,4,25.0
Ja Morant,2037,4298,47.39
Billy Garrett,11,27,40.74
Ray Spalding,27,50,54.0
Mangok Mathiang,8,9,88.89
T.J. Williams,2,6,33.33
Allonzo Trier,270,587,46.0
Jaron Blossomgame,46,101,45.54
Amile Jefferson,12,27,44.44
Ziming Fan,1,2,50.0
Mike Young,0,1,0.0
Kenrich Williams,656,1400,46.86
Shai Gilgeous-Alexander,2195,4530,48.45
Isaiah Hartenstein,538,942,57.11
Deandre Ayton,2359,3920,60.18
Rodions Kurucs,278,633,43.92
Bruce Brown,1224,2510,48.76
Justin Patton,35,86,40.7
Will Graves,6,21,28.57
David Barlow,0,2,0.0
Donte DiVincenzo,876,2090,41.91
Jerome Robinson,180,500,36.0
LaDontae Henton,1,2,50.0
Shi Yuchen,2,3,66.67
Tang Zihao,1,1,100.0
BJ Johnson,16,54,29.63
Jaylen Morris,17,46,36.96
Elie Okobo,180,439,41.0
Daryl Macon,7,13,53.85
Casey Prather,4,15,26.67
Jevon Carter,598,1479,40.43
Zhai Yi,1,4,25.0
Kendrick Nunn,870,1982,43.9
Gary Clark,181,518,34.94
Zhaire Smith,16,38,42.11
Xavier Rathan-Mayes,13,49,26.53
Sani Sakakini,7,18,38.89
Cam Reynolds,40,98,40.82
Kostas Antetokounmpo,8,20,40.0
Melo Trimble,1,3,33.33
Terence Davis,664,1538,43.17
Daniel Koperberg,3,9,33.33
Trae Young,2912,6711,43.39
Kevin Huerter,1616,3669,44.04
Miles Bridges,1373,2910,47.18
Andre Ingram,8,23,34.78
Taylor Braun,0,1,0.0
Jacob Evans,57,172,33.14
Hamidou Diallo,847,1728,49.02
Mikal Bridges,1960,3988,49.15
Julian Washburn,13,38,34.21
Isaiah Briscoe,65,159,40.88
Gary Trent Jr.,1333,3220,41.4
Brandon Bowman,15,24,62.5
Jason Cadee,4,8,50.0
Sam Daly,1,2,50.0
Yakuba Ouattara,1,1,100.0
Marvin Bagley III,987,1951,50.59
Jemerrio Jones,12,29,41.38
Willy Workman,14,39,35.9
Brad Newley,4,11,36.36
Rade Zagorac,4,11,36.36
De'Anthony Melton,987,2413,40.9
Ike Iroegbu,3,9,33.33
Luo Zhi,1,2,50.0
Brandon Sampson,23,48,47.92
Derek Willis,1,2,50.0
Tseng Wenting,1,4,25.0
Akil Mitchell,0,1,0.0
Kyle Adnam,1,3,33.33
Drew Eubanks,577,960,60.1
Chris Boucher,932,1902,49.0
Fan Zhang,0,1,0.0
Keita Bates-Diop,512,1090,46.97
Nickeil Alexander-Walker,627,1571,39.91
Cai Liang,0,3,0.0
Isaac Bonga,155,359,43.18
Mingxing Ju,4,8,50.0
Nicolo Melli,170,440,38.64
Kevin Knox II,708,1810,39.12
Tyler Herro,1683,3839,43.84
Shaun Bruce,1,2,50.0
James Blackmon Jr.,4,9,44.44
Theo Pinson,113,354,31.92
Josh Akognon,11,26,42.31
Adam Gibson,3,8,37.5
Zhun Zheng,1,1,100.0
Jonah Bolden,64,137,46.72
Dusty Hannahs,7,21,33.33
Todd Blanchfield,4,13,30.77
Landry Shamet,923,2290,40.31
Zach Lofton,0,1,0.0
Kevin Lisch,4,7,57.14
Jaylen Johnson,1,2,50.0
Ryan Broekhoff,58,143,40.56
Grayson Allen,892,2063,43.24
George de Paula,1,1,100.0
Issac Humphries,3,6,50.0
Dane Pineau,1,2,50.0
Johnathan Williams,64,110,58.18
Jarred Vanderbilt,607,1092,55.59
Alex Hamilton,1,1,100.0
Dzanan Musa,72,194,37.11
Trevon Duval,2,3,66.67
Rawle Alkins,8,23,34.78
Haywood Highsmith,141,316,44.62
Jun Shi,0,1,0.0
Frederic Bourdillon,3,13,23.08
Perrin Buford,5,18,27.78
Roi Huber,0,4,0.0
Brandon Clarke,1065,1759,60.55
Yifeng Heng,1,2,50.0
Luke Martinez,1,6,16.67
Craig Moller,1,1,100.0
Yingjun Chen,1,5,20.0
Frank Jackson,622,1471,42.28
Marko Guduric,60,141,42.55
Mitchell Robinson,1014,1437,70.56
Angel Rodriguez,6,12,50.0
Jaren Jackson Jr.,1492,3248,45.94
J.P. Macura,3,9,33.33
Emanuel Terry,5,13,38.46
Jalen Brunson,2013,4090,49.22
Rodney Purvis,31,95,32.63
Deonte Burton,71,197,36.04
Tom Jervis,6,14,42.86
Kennedy Meeks,0,1,0.0
Melvin Frazier Jr.,36,103,34.95
Chris Chiozza,117,331,35.35
Omari Spellman,216,523,41.3
Matt Jones,4,12,33.33
Travis Trice,8,15,53.33
Collin Sexton,1753,3791,46.24
Anthony Petrie,2,5,40.0
Angel Delgado,1,5,20.0
Bonzie Colson,12,36,33.33
Jordan Mathews,1,2,50.0
Yuta Watanabe,266,599,44.41
Devonte' Graham,1078,2890,37.3
Devin Robinson,20,35,57.14
Brad Wanamaker,357,847,42.15
Jaylen Adams,34,112,30.36
Jordan Loyd,7,12,58.33
V.J. Beachem,1,2,50.0
Troy Caupain,4,8,50.0
Deng Adel,10,33,30.3
Luo Hanchen,5,11,45.45
Shake Milton,869,1930,45.03
Brandon Goodwin,219,574,38.15
Anfernee Simons,1191,2765,43.07
Terry Henderson,2,8,25.0
Reuben Te Rangi,0,1,0.0
Mitchell Creek,8,16,50.0
Isaac Humphries,4,13,30.77
Vincent Edwards,1,4,25.0
Troy Brown Jr.,708,1636,43.28
Amida Brimah,7,10,70.0
Adam Thoseby,1,3,33.33
Jared Terrell,11,31,35.48
Tahjere McCall,2,3,66.67
Aaron Holiday,759,1773,42.81
Josh Okogie,639,1589,40.21
Alize Johnson,82,167,49.1
Jeremy Senglin,2,2,100.0
Daniel Kickert,4,16,25.0
Wendell Carter Jr.,1184,2298,51.52
Erik McCree,3,9,33.33
Zhang Zhaoxu,1,4,25.0
Chandler Hutchison,214,483,44.31
Khyri Thomas,62,155,40.0
Joe Chealey,1,10,10.0
Edmond Sumner,324,708,45.76
DeVaughn Akoon-Purcell,3,10,30.0
Duncan Robinson,1115,2614,42.65
Donte Grantham,0,2,0.0
Will Magnay,0,3,0.0
Marcus Derrickson,16,33,48.48
Thomas Welsh,7,13,53.85
Landry Nnoko,0,1,0.0
Xuedong Luo,0,2,0.0
Nassir Little,404,916,44.1
Jarrell Brantley,35,81,43.21
Oshae Brissett,390,951,41.01
DaQuan Jeffries,67,157,42.68
Sam Merrill,52,126,41.27
Javonte Green,327,617,53.0
Tariq Owens,1,5,20.0
Nate Darling,2,10,20.0
Romeo Langford,277,620,44.68
P.J. Washington,1184,2656,44.58
Talen Horton-Tucker,744,1709,43.53
Cole Anthony,839,2055,40.83
Brian Bowen II,5,14,35.71
Wenyen Gabriel,263,501,52.5
Saddiq Bey,983,2436,40.35
Immanuel Quickley,909,2244,40.51
Ty-Shon Alexander,7,19,36.84
Dewan Hernandez,3,11,27.27
Darius Garland,1597,3590,44.48
Zylan Cheatham,8,16,50.0
Kyle Guy,74,193,38.34
Josh Hall,30,99,30.3
Amir Coffey,323,746,43.3
Naz Reid,896,1781,50.31
Patrick Williams,593,1254,47.29
Cassius Winston,23,59,38.98
Josh Green,384,764,50.26
Eric Mika,2,3,66.67
Kira Lewis Jr.,215,542,39.67
Kelan Martin,201,485,41.44
Vlatko Cancar,170,360,47.22
Vic Law,7,19,36.84
Kenyon Martin Jr.,784,1435,54.63
Bruno Fernando,213,411,51.82
Shamorie Ponds,2,4,50.0
Sean McDermott,10,33,30.3
Vincent Poirier,18,43,41.86
Daniel Oturu,31,67,46.27
Nate Hinton,22,63,34.92
Ignas Brazdeikis,123,301,40.86
Tyler Bey,10,29,34.48
Kyle Alexander,1,2,50.0
Admiral Schofield,136,332,40.96
Theo Maledon,439,1164,37.71
Jordan Bone,26,71,36.62
Nick Richards,263,424,62.03
Keljin Blevins,44,152,28.95
Max Strus,774,1836,42.16
Cassius Stanley,39,106,36.79
Eric Paschall,533,1080,49.35
Cody Martin,385,838,45.94
Aleksej Pokusevski,452,1155,39.13
Nic Claxton,720,1051,68.51
Josh Reaves,2,8,25.0
Terance Mann,862,1721,50.09
Garrison Mathews,351,892,39.35
KZ Okpala,85,214,39.72
Darius Bazley,732,1778,41.17
Jordan Nwora,467,1114,41.92
Mamadi Diakite,74,155,47.74
Mychal Mulder,163,391,41.69
Nigel Williams-Goss,4,11,36.36
Jaylen Nowell,629,1404,44.8
Skylar Mays,114,242,47.11
Deividas Sirvydis,18,52,34.62
Jordan Poole,1462,3434,42.57
Kevin Porter Jr.,978,2265,43.18
Dean Wade,309,697,44.33
Malachi Flynn,293,772,37.95
Ky Bowman,129,316,40.82
Jaylen Hoard,102,208,49.04
Isaiah Stewart,618,1213,50.95
Precious Achiuwa,620,1304,47.55
Anthony Edwards,1701,3888,43.75
Chris Clemons,60,154,38.96
Keldon Johnson,1245,2657,46.86
Tyler Cook,88,137,64.23
Tre Jones,489,1053,46.44
Reggie Perry,77,165,46.67
Naji Marshall,442,1039,42.54
Marques Bolden,22,39,56.41
Trent Forrest,131,284,46.13
Paul Watson,50,133,37.59
Malik Newman,3,7,42.86
Isaac Okoro,600,1314,45.66
Aaron Nesmith,385,919,41.89
Brodric Thomas,48,143,33.57
Devon Hall,6,30,20.0
Caleb Martin,692,1496,46.26
Isaiah Joe,344,824,41.75
Anthony Gill,164,310,52.9
Zion Williamson,1046,1739,60.15
William Howard,0,4,0.0
Obi Toppin,577,1188,48.57
Jaxson Hayes,639,1024,62.4
Zeke Nnaji,254,479,53.03
Kevin Hervey,7,27,25.93
CJ Elleby,159,422,37.68
Rayjon Tucker,26,58,44.83
Deni Avdija,599,1383,43.31
Jalen Lecque,9,29,31.03
De'Andre Hunter,1060,2365,44.82
Daniel Gafford,824,1169,70.49
Jeremiah Martin,27,84,32.14
Anthony Lamb,179,405,44.2
Quinndary Weatherspoon,39,82,47.56
Dakota Mathias,21,59,35.59
Chris Silva,57,100,57.0
Jalen McDaniels,572,1269,45.07
Louis King,43,108,39.81
Nico Mannion,38,118,32.2
Sekou Doumbouya,196,475,41.26
Desmond Bane,1264,2702,46.78
Zach Norvell Jr.,8,29,27.59
Juan Toscano-Anderson,322,654,49.24
Jahmi'us Ramsey,43,111,38.74
Matisse Thybulle,467,1066,43.81
Jontay Porter,8,13,61.54
Gabe Vincent,593,1527,38.83
James Wiseman,348,639,54.46
Lamar Stevens,332,716,46.37
Mason Jones,60,142,42.25
Robert Woodard II,13,45,28.89
Grant Williams,689,1537,44.83
Jared Harper,14,34,41.18
Matt Mooney,2,16,12.5
Elijah Hughes,74,214,34.58
LaMelo Ball,1077,2565,41.99
Michael Porter Jr.,1242,2491,49.86
Facundo Campazzo,246,667,36.88
Jalen Harris,38,79,48.1
Devon Dotson,24,58,41.38
Devin Vassell,679,1572,43.19
Anzejs Pasecniks,54,106,50.94
Onyeka Okongwu,562,871,64.52
Nathan Knight,134,282,47.52
Carsen Edwards,87,239,36.4
Isaiah Roby,427,893,47.82
Marial Shayok,1,5,20.0
Markus Howard,96,251,38.25
Mfiondu Kabengele,60,148,40.54
Donta Hall,34,50,68.0
Goga Bitadze,342,707,48.37
Jordan McLaughlin,313,715,43.78
Adam Mokoka,19,45,42.22
Luka Samanic,82,186,44.09
Tremont Waters,62,152,40.79
Miye Oni,53,150,35.33
Jalen Smith,419,897,46.71
Jae'Sean Tate,727,1461,49.76
Vernon Carey Jr.,33,73,45.21
Karim Mane,3,15,20.0
Chuma Okeke,364,952,38.24
Justin James,82,195,42.05
Bol Bol,328,620,52.9
John Konchar,355,737,48.17
Justin Robinson,48,140,34.29
Stanton Kidd,0,3,0.0
Rui Hachimura,1096,2258,48.54
RJ Barrett,1809,4240,42.67
Juwan Morgan,33,75,44.0
Jaden McDaniels,754,1560,48.33
Udoka Azubuike,95,128,74.22
Matt Thomas,188,420,44.76
Paul Reed,247,439,56.26
Luguentz Dort,956,2395,39.92
Jarrett Culver,351,883,39.75
Tyrese Haliburton,1072,2239,47.88
Ty Jerome,400,943,42.42
Tyrell Terry,8,23,34.78
R.J. Hampton,419,1005,41.69
Xavier Tillman,460,842,54.63
Killian Tillie,57,171,33.33
Cam Reddish,617,1535,40.2
Dylan Windler,103,241,42.74
Killian Hayes,517,1375,37.6
Payton Pritchard,508,1190,42.69
Devontae Cacok,55,85,64.71
Alen Smailagic,31,70,44.29
Moses Brown,287,505,56.83
Saben Lee,188,465,40.43
Cameron Johnson,946,2075,45.59
Charlie Brown Jr.,30,104,28.85
Norvel Pelle,30,56,53.57
Tacko Fall,42,62,67.74
Tyrese Maxey,1279,2688,47.58
Coby White,1115,2681,41.59
Justin Wright-Foreman,3,8,37.5
Jordan Ford,4,9,44.44
Xavier Moon,34,74,45.95
Kenny Wooten,1,4,25.0
Javin DeLaurier,3,7,42.86
Jaime Echenique,1,4,25.0
Petr Cornelie,6,17,35.29
Jock Landale,288,556,51.8
Armoni Brooks,172,460,37.39
Bryce Brown,1,3,33.33
Corey Kispert,480,1021,47.01
Jaden Springer,30,70,42.86
Moses Wright,8,17,47.06
Jay Scrubb,48,105,45.71
MJ Walker,0,4,0.0
Lindy Waters III,149,372,40.05
Isaiah Miller,5,15,33.33
Mac McClung,9,22,40.91
Josh Giddey,795,1725,46.09
George King,4,11,36.36
Joe Wieskamp,26,75,34.67
Charles Bassey,118,184,64.13
Arnoldas Kulboka,0,1,0.0
Lindell Wigginton,54,122,44.26
Jalen Crutcher,5,15,33.33
Matt Coleman III,0,3,0.0
Vit Krejci,80,205,39.02
Craig Sword,3,4,75.0
Jeff Dowtin Jr.,43,105,40.95
McKinley Wright IV,48,107,44.86
Keandre Cook,0,2,0.0
Yoeli Childs,1,4,25.0
Hassani Gravett,14,26,53.85
Paris Bass,2,6,33.33
MaCio Teague,7,23,30.43
Aamir Simms,1,1,100.0
Duane Washington Jr.,265,676,39.2
Isaiah Livers,145,343,42.27
Breein Tyree,0,2,0.0
Jon Teske,2,4,50.0
Isaiah Todd,13,56,23.21
Greg Brown III,101,243,41.56
David Johnson,3,10,30.0
Gabe York,10,28,35.71
Zavier Simpson,20,55,36.36
DJ Steward,1,3,33.33
Matt Ryan,51,132,38.64
Bennie Boatwright,2,6,33.33
Myles Powell,6,17,35.29
Jaysean Paige,0,3,0.0
Derrick Alston Jr.,1,3,33.33
Ethan Thompson,1,1,100.0
Braxton Key,35,72,48.61
Herbert Jones,507,1044,48.56
James Bouknight,145,404,35.89
Dalano Banton,168,385,43.64
Luka Garza,137,273,50.18
Quentin Grimes,357,824,43.33
Sandro Mamukelashvili,169,385,43.9
Jordan Goodwin,144,331,43.5
Malcolm Hill,31,66,46.97
Jalen Green,878,2086,42.09
Aaron Henry,4,14,28.57
Gabriel Lundberg,5,19,26.32
RJ Nembhard Jr.,13,43,30.23
Jose Alvarado,344,784,43.88
DeJon Jarreau,3,9,33.33
Olivier Sarr,77,136,56.62
Daishen Nix,102,295,34.58
Kevin Pangos,20,71,28.17
Eugene Omoruyi,139,292,47.6
Caleb Homesley,1,7,14.29
Chris Duarte,393,943,41.68
Yves Pons,6,21,28.57
Aaron Wiggins,355,727,48.83
Brandon Boston Jr.,172,453,37.97
Jared Butler,99,235,42.13
Cameron McGriff,5,14,35.71
Joshua Primo,107,268,39.93
A.J. Lawson,25,49,51.02
Robert Franks,25,58,43.1
Franz Wagner,909,1935,46.98
Shaq Buchanan,8,23,34.78
Isaiah Jackson,288,509,56.58
Feron Hunt,11,21,52.38
Moses Moody,213,460,46.3
Alperen Sengun,625,1187,52.65
Austin Reaves,454,937,48.45
Cam Thomas,357,837,42.65
Miles McBride,107,316,33.86
Tre Scott,3,6,50.0
Jonathan Kuminga,479,942,50.85
Charles Matthews,1,4,25.0
Joel Ayayi,2,16,12.5
Davion Mitchell,548,1262,43.42
Josh Christopher,355,781,45.45
Jahlil Tripp,1,1,100.0
Johnny Hamilton,2,5,40.0
Kaleb Wesson,2,3,66.67
David Duke Jr.,69,177,38.98
Cameron Oliver,29,50,58.0
JaQuori McLaughlin,3,13,23.08
Devin Cannady,32,85,37.65
Freddie Gillespie,48,98,48.98
JT Thor,123,311,39.55
Sam Hauser,227,500,45.4
Marlon Taylor,0,1,0.0
Jamorko Pickett,19,57,33.33
Ahmad Caver,3,11,27.27
Malik Fitts,18,40,45.0
Ayo Dosunmu,535,1042,51.34
Keon Johnson,173,483,35.82
Chaundee Brown,21,56,37.5
Cade Cunningham,474,1158,40.93
Jordan Schakel,6,27,22.22
Rob Edwards,3,7,42.86
Trayvon Palmer,0,1,0.0
Sharife Cooper,20,39,51.28
Jalen Suggs,358,938,38.17
Daulton Hommes,1,1,100.0
Dru Smith,38,85,44.71
Jeremiah Robinson-Earl,239,586,40.78
Trevelin Queen,28,83,33.73
Scottie Barnes,913,1922,47.5
Justin Champagnie,48,117,41.03
Marko Simonovic,3,17,17.65
Didi Louzada,16,46,34.78
Santi Aldama,302,666,45.35
Leandro Bolmaro,24,80,30.0
Jay Huff,21,37,56.76
Kai Jones,84,155,54.19
Omer Yurtseven,175,324,54.01
Usman Garuba,90,195,46.15
Xavier Sneed,9,25,36.0
Simisola Shittu,7,11,63.64
Ade Murkey,0,1,0.0
Evan Mobley,855,1635,52.29
Ish Wainright,129,340,37.94
Jericho Sims,118,158,74.68
Day'Ron Sharpe,173,307,56.35
Trendon Watford,319,571,55.87
Georgios Kalaitzakis,35,85,41.18
Romeo Weems,1,3,33.33
Micah Potter,24,47,51.06
Kessler Edwards,132,328,40.24
Neemias Queta,23,43,53.49
DJ Stewart,7,11,63.64
Ziaire Williams,277,633,43.76
Marcus Garrett,14,46,30.43
Javonte Smart,35,100,35.0
Bones Hyland,484,1210,40.0
Elijah Bryant,29,63,46.03
Aleem Ford,2,10,20.0
Trey Murphy III,498,1078,46.2
Grant Riller,12,21,57.14
Terry Taylor,176,297,59.26
Tre Mann,450,1131,39.79
Jalen Johnson,191,407,46.93
Jarron Cumberland,1,2,50.0
Jake Toolson,0,2,0.0
Scottie Lewis,1,2,50.0
Carlik Jones,19,53,35.85
Dwayne Sutton,1,3,33.33
Jules Bernard,1,4,25.0
Justin Bean,1,1,100.0
Orlando Robinson,48,93,51.61
Malik Ellison,1,3,33.33
Trevor Hudgins,2,11,18.18
Nate Pierre-Louis,1,2,50.0
Jordan Lewis,0,7,0.0
Bennedict Mathurin,390,879,44.37
Dyson Daniels,96,238,40.34
Mitch Ballock,4,6,66.67
Vince Williams Jr.,13,42,30.95
Ryan Rollins,14,40,35.0
Jamal Cain,49,90,54.44
Nikola Jovic,42,101,41.58
Javon Freeman-Liberty,3,5,60.0
Hyrum Harris,3,5,60.0
LiAngelo Ball,1,5,20.0
Tari Eason,285,614,46.42
Simone Fontecchio,112,304,36.84
AJ Griffin,234,502,46.61
Mitch McCarron,4,13,30.77
Norris  Cole,13,29,44.83
Stanley Umude,3,9,33.33
Peyton Watson,38,83,45.78
Trevion Williams,2,4,50.0
Pat Spencer,6,11,54.55
Jaden Ivey,361,881,40.98
David Roddy,174,423,41.13
Jeenathan Williams,24,39,61.54
Anthony Drmic,4,11,36.36
Nick Marshall,0,5,0.0
Sunday Dech,7,19,36.84
Ziv Maoz,2,4,50.0
Andrew Nembhard,249,586,42.49
Mouhamadou Gueye,1,2,50.0
Johnny Juzang,31,98,31.63
J.D. Davison,10,22,45.45
Dominick Barlow,47,83,56.63
Jamaree Bouyea,20,36,55.56
Jason Siggers,26,53,49.06
Keegan Murray,370,807,45.85
Patrick Baldwin Jr.,53,138,38.41
Jake LaRavia,37,92,40.22
Moussa Diabate,35,63,55.56
Jaylen Sims,0,3,0.0
Jack White,11,20,55.0
Bryce McGowens,80,209,38.28
Jabari Smith Jr.,314,785,40.0
Michael Foster Jr.,1,6,16.67
Alex Leder,6,20,30.0
Christian Braun,166,338,49.11
Kenneth Lofton Jr.,54,98,55.1
Scotty Pippen Jr.,16,41,39.02
Daniel Hillel,0,2,0.0
Caleb Houstan,73,195,37.44
Lester Quinones,6,12,50.0
Christian Koloko,76,147,51.7
Leandro Garcia Morales,1,2,50.0
Jalen Duren,226,350,64.57
Mark Williams,145,233,62.23
Kai Sotto,3,9,33.33
Kennedy Chandler,37,86,43.02
Jason Preston,19,46,41.3
Marcus Bingham Jr.,1,1,100.0
Daniel Johnson,5,9,55.56
Tommy Kuhse,4,11,36.36
Jalen Williams,407,784,51.91
AJ Green,48,127,37.8
RaiQuan Gray,0,1,0.0
Dereon Seabron,9,18,50.0
Rom Geffen,0,5,0.0
Alondes Williams,1,4,25.0
Daeqwon Plowden,6,24,25.0
Kevon Harris,51,116,43.97
Jaden Hardy,152,345,44.06
Kendall Brown,10,19,52.63
Jacob Gilyard,1,4,25.0
Blake Wesley,64,214,29.91
Jaylin Williams,103,235,43.83
Michael Devoe,4,5,80.0
Jeremy Sochan,231,525,44.0
Max Christie,53,135,39.26
Anthony Morse,14,25,56.0
TyTy Washington Jr.,63,163,38.65
Buddy Boeheim,6,30,20.0
Jared Rhoden,22,52,42.31
Xavier Cooks,17,28,60.71
Dalen Terry,37,85,43.53
Chance Comanche,3,5,60.0
Alon Sapir,0,1,0.0
LJ Figueroa,0,1,0.0
Trevor Keels,1,3,33.33
Gilad Melnik,0,1,0.0
Josh Minott,15,37,40.54
Shaedon Sharpe,308,652,47.24
Isaiah Mobley,18,31,58.06
Chima Moneke,5,12,41.67
John Petty Jr.,0,3,0.0
Tyrese Martin,14,36,38.89
Jordan Hall,7,27,25.93
Cole Swider,17,63,26.98
Donovan Williams,2,5,40.0
Tyson Etienne,1,5,20.0
Craig Randall II,24,42,57.14
Kyrin Galloway,2,5,40.0
MarJon Beauchamp,103,258,39.92
Walker Kessler,286,400,71.5
Ochai Agbaji,164,384,42.71
Jonathan Holton,0,1,0.0
Malaki Branham,250,568,44.01
Darius Days,6,15,40.0
Keon Ellis,13,27,48.15
Julian Champagnie,53,121,43.8
Ousmane Dieng,92,209,44.02
Johnny Davis,60,171,35.09
Lucas Williamson,1,8,12.5
Quenton Jackson,20,41,48.78
Luca Vildoza,4,13,30.77
John Butler Jr.,17,55,30.91
Jaden Shackelford,2,4,50.0
Jabari Walker,82,192,42.71
Justin Minaya,7,23,30.43
Ron Harper Jr.,8,17,47.06
Gabe Brown,5,15,33.33
Wendell Moore Jr.,16,42,38.1
Paolo Banchero,464,1081,42.92
Tyler Hall,2,10,20.0
