player1_name,3pm,3pa,3p_pct
Reggie Miller,1318,3365,39.17
Terry Mills,284,726,39.12
Shandon Anderson,289,900,32.11
Bobby Phills,217,558,38.89
Lloyd Daniels,22,75,29.33
Eric Williams,194,605,32.07
Carl Herrera,2,6,33.33
Terry Cummings,4,7,57.14
Ledell Eackles,14,41,34.15
Acie Earl,0,4,0.0
Sharone Wright,0,1,0.0
George Lynch,129,403,32.01
Bobby Hurley,18,58,31.03
Lou Roe,3,11,27.27
Anthony Mason,2,10,20.0
Anthony Peeler,658,1701,38.68
Jayson Williams,0,10,0.0
Stacey Augmon,2,32,6.25
Tracy McGrady,1035,3110,33.28
Martin Muursepp,16,58,27.59
Cuonzo Martin,0,2,0.0
Ashraf Amaya,1,1,100.0
Scott Burrell,187,532,35.15
Shawn Bradley,3,25,12.0
Kevin Johnson,81,220,36.82
Reggie Slater,0,2,0.0
Chris Jent,2,3,66.67
Chuck Person,169,521,32.44
Mark Jackson,406,1140,35.61
Othella Harrington,0,11,0.0
George McCloud,456,1256,36.31
Bo Outlaw,3,26,11.54
David Wesley,904,2491,36.29
Dexter Boney,0,4,0.0
Gary Grant,18,59,30.51
Robert Pack,48,157,30.57
Terry Dehere,112,316,35.44
Matt Maloney,396,1078,36.73
Clar. Weatherspoon,0,6,0.0
Steve Kerr,341,794,42.95
Hakeem Olajuwon,7,38,18.42
Cory Alexander,192,548,35.04
Vin Baker,20,92,21.74
Dennis Scott,357,941,37.94
Drew Barry,19,54,35.19
Terrell Brandon,216,606,35.64
Billy Owens,63,184,34.24
Kurt Thomas,6,26,23.08
Donald Royal,0,2,0.0
Kevin Garnett,159,569,27.94
Rick Brunson,86,251,34.26
Chris Carr,129,371,34.77
Moochie Norris,105,365,28.77
Anthony Parker,555,1370,40.51
Lionel Simmons,7,26,26.92
Kenny Anderson,268,740,36.22
James Scott,0,4,0.0
Loren Meyer,5,13,38.46
Michael Cage,0,1,0.0
Alan Henderson,4,23,17.39
Anthony Johnson,313,868,36.06
Adonal Foyle,0,2,0.0
Kendall Gill,146,511,28.57
Derek Grimm,4,10,40.0
Jerry Stackhouse,784,2577,30.42
Lawrence Moten,35,123,28.46
Doug Christie,654,1883,34.73
Jamie Watson,4,12,33.33
Corliss Williamson,5,40,12.5
Tom Hammonds,0,2,0.0
Haywoode Workman,29,88,32.95
Rasheed Wallace,1035,3067,33.75
Dee Brown,328,899,36.48
Latrell Sprewell,669,1961,34.12
Frank Brickowski,5,18,27.78
Joe Smith,22,95,23.16
Corey Beck,3,6,50.0
Darrell Armstrong,819,2521,32.49
Dickey Simpkins,1,8,12.5
Damon Stoudamire,997,2846,35.03
Derrick McKey,37,127,29.13
Jerome Kersey,20,95,21.05
Antonio Lang,0,6,0.0
Derek Anderson,581,1693,34.32
Jaren Jackson,339,949,35.72
Jason Sasser,1,3,33.33
Donnie Boyce,1,11,9.09
Voshon Lenard,842,2197,38.32
Eric Snow,51,247,20.65
Maurice Taylor,5,31,16.13
Stephon Marbury,867,2744,31.6
Donald Whiteside,12,37,32.43
Jermaine O'Neal,12,99,12.12
Brooks Thompson,88,229,38.43
Kenny Smith,48,113,42.48
Elmer Bennett,3,8,37.5
Steve Hamer,0,2,0.0
Anthony Goldwire,150,396,37.88
A.C. Green,2,37,5.41
Rafael Addison,8,20,40.0
Ruben Nembhard,0,6,0.0
Michael Finley,1355,3620,37.43
Steven Smith,673,1803,37.33
Sarunas Marciulionis,9,28,32.14
Aaron McKie,330,933,35.37
Darrin Hancock,0,1,0.0
Austin Croshere,395,1137,34.74
Randy Brown,6,41,14.63
Adam Keefe,1,9,11.11
,125,381,32.81
Duane Ferrell,16,42,38.1
Bryant Reeves,2,20,10.0
Priest Lauderdale,0,1,0.0
Christian Laettner,55,206,26.7
Allan Houston,855,2128,40.18
Buck Williams,0,1,0.0
Sean Elliott,193,514,37.55
John Starks,472,1374,34.35
Brett Szabo,0,1,0.0
Fred Hoiberg,353,886,39.84
Mark Strickland,2,9,22.22
Kelvin Cato,1,13,7.69
Micheal Williams,1,6,16.67
Kevin Edwards,23,66,34.85
Nick Van Exel,1018,2836,35.9
Todd Day,197,535,36.82
Gary Trent,4,39,10.26
Patrick Ewing,2,17,11.76
Chris Anstey,4,26,15.38
Mark Davis,23,95,24.21
Armen Gilliam,0,6,0.0
Jerome Williams,1,22,4.55
Matt Bullard,338,849,39.81
Jamal Mashburn,509,1408,36.15
Dominique Wilkins,71,235,30.21
Rodney Rogers,513,1487,34.5
J.R. Reid,4,16,25.0
Dale Ellis,396,1009,39.25
Derrick Coleman,178,581,30.64
Tyus Edney,10,54,18.52
Nick Anderson,447,1306,34.23
Otis Thorpe,0,10,0.0
Gaylon Nickerson,0,2,0.0
Dontonio Wingfield,20,56,35.71
Sean Rooks,1,7,14.29
Tony Massenburg,1,5,20.0
Brad Lohaus,3,12,25.0
Popeye Jones,10,34,29.41
Charles O'Bannon,0,4,0.0
Tyrone Corbin,169,522,32.38
Jon Barry,520,1309,39.72
Hersey Hawkins,396,1012,39.13
DeJuan Wheat,30,75,40.0
Eddie Jones,1315,3490,37.68
Doug Overton,43,155,27.74
Kevin Willis,6,35,17.14
Lindsey Hunter,802,2305,34.79
Eddie Johnson,118,343,34.4
Tony Smith,30,96,31.25
Matt Steigenga,0,2,0.0
Jim Jackson,669,1782,37.54
Glenn Robinson,431,1245,34.62
Shareef Abdur-Rahim,140,466,30.04
Clyde Drexler,240,712,33.71
Mario Elie,329,872,37.73
Richard Manning,2,4,50.0
Randolph Childress,3,15,20.0
Alvin Williams,196,610,32.13
Sam Cassell,496,1462,33.93
Adrian Caldwell,0,2,0.0
Robert Horry,551,1651,33.37
Avery Johnson,10,70,14.29
Mark Hendrickson,3,16,18.75
Clifford Rozier,0,1,0.0
Tim Hardaway,850,2376,35.77
Tom Gugliotta,39,155,25.16
Kevin Duckworth,3,4,75.0
Tim Breaux,1,3,33.33
Shane Heal,20,75,26.67
Scott Williams,3,17,17.65
Zan Tabak,0,1,0.0
Derek Fisher,1286,3424,37.56
Joe Dumars,405,1010,40.1
Blue Edwards,62,190,32.63
Muggsy Bogues,76,204,37.25
Bobby Jackson,621,1808,34.35
Byron Scott,68,175,38.86
David Benoit,61,175,34.86
Tracy Moore,10,40,25.0
Detlef Schrempf,169,443,38.15
Erick Strickland,349,994,35.11
Litterial Green,0,10,0.0
David Wood,5,15,33.33
Charles Barkley,97,369,26.29
Mookie Blaylock,544,1655,32.87
James Robinson,184,519,35.45
Chris Childs,237,696,34.05
John Wallace,14,49,28.57
Marko Milic,2,6,33.33
Terry Davis,0,1,0.0
Toni Kukoc,542,1576,34.39
Jerome Allen,24,76,31.58
Alonzo Mourning,3,24,12.5
Duane Causwell,2,3,66.67
Wesley Person,830,1964,42.26
Ray Allen,2862,7216,39.66
Malik Sealy,96,304,31.58
Rex Walters,75,212,35.38
Dino Radja,0,1,0.0
Bruce Bowen,851,2137,39.82
Cedric Ceballos,111,361,30.75
Chris Webber,210,662,31.72
Nate Driggers,0,9,0.0
Anfernee Hardaway,282,872,32.34
Tim Legler,25,81,30.86
Bubba Wells,0,4,0.0
David Wingate,37,99,37.37
Matt Geiger,8,40,20.0
John Long,11,31,35.48
Arvydas Sabonis,88,283,31.1
Ron Mercer,51,218,23.39
Greg Dreiling,1,1,100.0
Antonio Daniels,338,1093,30.92
Vinny Del Negro,76,224,33.93
Tyrone Hill,0,5,0.0
Horacio Llamas,1,3,33.33
Rod Strickland,52,253,20.55
Rumeal Robinson,17,50,34.0
Sedale Threatt,15,44,34.09
Bison Dele,1,4,25.0
Keith Booth,1,11,9.09
Mark Bryant,0,2,0.0
Shawn Kemp,22,71,30.99
Brian Shaw,222,677,32.79
Reggie Williams,166,472,35.17
Donyell Marshall,740,2041,36.26
Chris Gatling,44,163,26.99
Hot Rod Williams,0,2,0.0
Allen Iverson,1051,3326,31.6
Brian Evans,34,98,34.69
Mitch Richmond,519,1350,38.44
Dana Barros,291,718,40.53
Bryon Russell,632,1730,36.53
Rik Smits,1,13,7.69
Vitaly Potapenko,1,4,25.0
Frankie King,1,2,50.0
Zydrunas Ilgauskas,25,93,26.88
Chris Morris,75,253,29.64
Larry Stewart,9,34,26.47
Dennis Rodman,13,63,20.63
Tariq Abdul-Wahad,16,66,24.24
Harvey Grant,28,95,29.47
Henry James,86,200,43.0
Amal McCaskill,0,3,0.0
Troy Hudson,417,1230,33.9
Sasha Danilovic,75,203,36.95
Ken Norman,6,37,16.22
Darrick Martin,301,857,35.12
Grant Long,28,108,25.93
Greg Ostertag,0,8,0.0
Brent Price,161,423,38.06
Erick Dampier,2,16,12.5
Eric Murdock,53,148,35.81
Randy Livingston,31,85,36.47
Jeff Grayer,5,15,33.33
Herb Williams,0,1,0.0
Xavier McDaniel,5,22,22.73
Tracy Murray,437,1174,37.22
Ray Owes,1,5,20.0
Danny Ferry,326,817,39.9
Rusty LaRue,47,144,32.64
David Vaughn,0,1,0.0
Anthony Bowie,3,5,60.0
Andrew DeClercq,0,1,0.0
Lamond Murray,350,970,36.08
Todd Fuller,0,4,0.0
Shawn Respert,51,150,34.0
Vlade Divac,43,179,24.02
Horace Grant,1,21,4.76
Tom Chambers,2,3,66.67
Bimbo Coles,66,266,24.81
Bill Wennington,1,2,50.0
Eric Washington,73,213,34.27
Carl Thomas,19,64,29.69
Derek Harper,145,413,35.11
Chris Crawford,63,190,33.16
Scottie Pippen,562,1716,32.75
Willie Burton,15,46,32.61
Derek Strong,1,20,5.0
Harold Ellis,0,4,0.0
Will Perdue,0,1,0.0
Willie Anderson,8,24,33.33
Chris Mullin,334,783,42.66
Sherman Douglas,58,213,27.23
Donny Marshall,33,90,36.67
Johnny Newman,202,596,33.89
Olden Polynice,2,12,16.67
Jeff Hornacek,236,566,41.7
Calbert Cheaney,51,196,26.02
Monty Williams,3,26,11.54
Lee Mayberry,122,350,34.86
Joe Kleine,2,5,40.0
Joe Stephens,4,21,19.05
Mark Price,150,408,36.76
Antoine Walker,1196,3750,31.89
Scott Brooks,9,22,40.91
Michael Jordan,177,588,30.1
Rodrick Rhodes,3,15,20.0
Jerald Honeycutt,32,90,35.56
Keith Askins,95,264,35.98
Vincent Askew,6,23,26.09
Greg Foster,14,55,25.45
Eric Piatkowski,684,1659,41.23
Gary Payton,876,2748,31.88
Antonio Davis,0,16,0.0
Travis Best,227,680,33.38
Tony Delk,422,1220,34.59
Don Reid,0,2,0.0
Dan Majerle,465,1320,35.23
Sam Mack,264,690,38.26
Karl Malone,13,66,19.7
Jamie Feick,9,26,34.62
Rick Mahorn,0,1,0.0
Ervin Johnson,1,6,16.67
Jimmy Oliver,2,5,40.0
Reggie Geary,19,57,33.33
Rex Chapman,320,880,36.36
Chris Whitney,468,1284,36.45
Doug West,13,47,27.66
Greg Graham,9,37,24.32
Charlie Ward,557,1540,36.17
Hubert Davis,375,870,43.1
Shaquille O'Neal,0,11,0.0
Mahmoud Abdul-Rauf,87,261,33.33
LaPhonso Ellis,208,659,31.56
Rick Fox,564,1627,34.67
George Zidek,1,4,25.0
Greg Anderson,0,5,0.0
Don MacLean,23,68,33.82
John Crotty,93,238,39.08
Brandon Williams,35,114,30.7
Jack Haley,0,1,0.0
Cedric Henderson,5,41,12.2
Kiwane Garris,5,13,38.46
Charles Oakley,32,125,25.6
Dell Curry,444,1063,41.77
Rony Seikaly,0,5,0.0
Carlos Rogers,23,76,30.26
Brevin Knight,13,103,12.62
Chris Garner,3,17,17.65
Jud Buechler,167,460,36.3
Loy Vaught,3,19,15.79
Melvin Booker,3,5,60.0
Antoine Carr,0,2,0.0
Danny Fortson,2,11,18.18
Howard Eisley,450,1283,35.07
Travis Knight,15,58,25.86
Lucious Harris,264,792,33.33
Greg Anthony,379,1023,37.05
Isaiah Rider,339,983,34.49
Eldridge Recasner,147,358,41.06
Marty Conlon,2,9,22.22
Reggie Jordan,0,2,0.0
Ed Gray,27,84,32.14
Jason Kidd,1633,4660,35.04
Greg Minor,12,60,20.0
Steve Nash,1558,3654,42.64
Pete Chilcutt,96,257,37.35
Brent Barry,1184,2948,40.16
Samaki Walker,1,8,12.5
Tony Battie,12,71,16.9
Ron Harper,176,563,31.26
Nate McMillan,45,127,35.43
Michael Curry,54,195,27.69
Malik Rose,15,79,18.99
Jason Caffey,0,5,0.0
Dwayne Schintzius,1,2,50.0
David Robinson,1,9,11.11
Kerry Kittles,627,1704,36.8
Terry Porter,414,1052,39.35
Marcus Brown,13,36,36.11
Tony Dumas,6,31,19.35
Clifford Robinson,784,2197,35.69
Tim Duncan,30,177,16.95
Michael Hawkins,18,56,32.14
John Stockton,280,726,38.57
Larry Johnson,187,607,30.81
Jim McIlvaine,1,11,9.09
Stevin Smith,1,6,16.67
Ricky Pierce,40,97,41.24
Jacque Vaughn,89,238,37.39
Pooh Richardson,49,172,28.49
Jalen Rose,617,1713,36.02
Walter McCarty,420,1221,34.4
Jeff McInnis,275,815,33.74
Luc Longley,0,2,0.0
Dell Demps,0,1,0.0
Juwan Howard,2,25,8.0
Mark Pope,10,52,19.23
Bob Sura,350,1061,32.99
Oliver Miller,0,7,0.0
Keith Van Horn,532,1462,36.39
Walt Williams,634,1580,40.13
Mitchell Butler,32,87,36.78
Vernon Maxwell,302,967,31.23
Sam Perkins,359,945,37.99
Sam Mitchell,56,196,28.57
Emanual Davis,132,380,34.74
Gerald Wilkins,94,301,31.23
Glen Rice,661,1645,40.18
Kobe Bryant,1763,5303,33.25
Aaron Williams,1,15,6.67
James Cotton,0,5,0.0
Chucky Brown,19,64,29.69
Cherokee Parks,1,12,8.33
Chauncey Billups,1827,4752,38.45
Tim Thomas,894,2389,37.42
Chris Mills,200,590,33.9
Bryant Stith,221,631,35.02
Antonio McDyess,7,50,14.0
Dontae' Jones,6,23,26.09
Lorenzen Wright,1,22,4.55
B.J. Armstrong,55,165,33.33
Aleksandar Djordjevic,5,6,83.33
Khalid Reeves,120,337,35.61
Joe Wolf,3,16,18.75
Evric Gray,1,4,25.0
Ed O'Bannon,17,67,25.37
Ike Austin,8,52,15.38
Martin Lewis,1,3,33.33
Corie Blount,2,20,10.0
Charles Smith,68,219,31.05
Lawrence Funderburke,1,15,6.67
Grant Hill,196,591,33.16
Kevin Gamble,48,98,48.98
P.J. Brown,0,13,0.0
Mario Bennett,1,2,50.0
Elliot Perry,81,234,34.62
Tony Farmer,8,45,17.78
Craig Ehlo,27,87,31.03
Marcus Camby,21,87,24.14
Elden Campbell,2,21,9.52
Danny Manning,17,84,20.24
Chris Robinson,51,134,38.06
James Collins,9,20,45.0
Michael Smith,0,4,0.0
Andre Miller,182,804,22.64
Adonis Jordan,0,2,0.0
Korleone Young,1,3,33.33
Andrew Gaze,5,15,33.33
Jason Miskiri,0,1,0.0
Marlon Garnett,5,19,26.32
Cuttino Mobley,988,2630,37.57
Milt Palacio,37,154,24.03
Thurl Bailey,0,1,0.0
Matt Harpring,131,415,31.57
Miles Simon,0,1,0.0
Roy Rogers,0,1,0.0
Eric Riley,0,1,0.0
Tyson Wheeler,1,1,100.0
Robert Traylor,3,21,14.29
Kevin Ollie,7,23,30.43
Mark Macon,1,2,50.0
Rashard Lewis,1633,4238,38.53
William Avery,37,144,25.69
Ryan Bowen,12,64,18.75
Adrian Griffin,45,158,28.48
Steve Francis,542,1560,34.74
Steve Henson,3,8,37.5
Negele Knight,0,1,0.0
Randell Jackson,1,7,14.29
Travis Williams,0,1,0.0
Corey Benjamin,52,181,28.73
Fred Vinson,1,4,25.0
John Celestand,2,9,22.22
Rodney Buford,68,226,30.09
Chris Herren,28,89,31.46
Raef LaFrentz,437,1211,36.09
Bill Curley,2,8,25.0
Brian Grant,1,6,16.67
Anthony Carter,113,450,25.11
Richard Hamilton,497,1451,34.25
Laron Profit,19,81,23.46
Shawn Marion,736,2189,33.62
Lazaro Borrell,0,3,0.0
Mike Bibby,1457,3854,37.8
Jamel Thomas,1,6,16.67
Kornel David,0,3,0.0
John Thomas,0,2,0.0
Johnny Taylor,26,65,40.0
Ryan Stack,0,1,0.0
Tyrone Nesby,163,525,31.05
Paul Pierce,1959,5361,36.54
Pat Garrity,569,1444,39.4
Jumaine Jones,375,1105,33.94
Jason Terry,2081,5492,37.89
Quincy Lewis,34,102,33.33
Rick Hughes,0,1,0.0
Al Harrington,894,2552,35.03
Andrew Lang,0,1,0.0
Larry Hughes,484,1554,31.15
Vince Carter,2016,5447,37.01
Shammond Williams,219,615,35.61
Sam Jacobson,7,22,31.82
Chucky Atkins,826,2289,36.09
Mirsad Turkcan,0,6,0.0
James Posey,969,2755,35.17
Ruben Patterson,33,176,18.75
Charles R. Jones,50,155,32.26
Tyronn Lue,413,1069,38.63
God Shammgod,0,1,0.0
Spud Webb,0,1,0.0
Shea Seals,0,3,0.0
Vladimir Stepania,2,14,14.29
J.R. Henderson,2,5,40.0
Rafer Alston,954,2777,34.35
Stanley Roberts,0,1,0.0
Dirk Nowitzki,1839,4850,37.92
Ivano Newbill,1,1,100.0
Jason Williams,1111,3432,32.37
Roshown McLeod,3,36,8.33
Jeff Sheppard,2,5,40.0
Baron Davis,1237,3828,32.31
Keith Closs,0,4,0.0
Felipe Lopez,43,137,31.39
Andrae Patterson,0,4,0.0
Lamar Odom,615,1937,31.75
Michael Dickerson,263,652,40.34
Keon Clark,0,10,0.0
Dion Glover,136,424,32.08
Dedric Willoughby,27,87,31.03
Devean George,416,1209,34.41
Metta World Peace,992,3009,32.97
Kenny Thomas,53,214,24.77
Jonathan Bender,94,277,33.94
Bryce Drew,139,379,36.68
Cory Carr,5,28,17.86
Bonzi Wells,208,646,32.2
Alvin Sims,1,1,100.0
John Amaechi,1,12,8.33
Michael Doleac,1,8,12.5
Eddie Robinson,8,28,28.57
Earl Boykins,330,985,33.5
Wally Szczerbiak,543,1379,39.38
Vonteego Cummings,86,287,29.97
Scott Padgett,222,592,37.5
Anthony Miller,0,1,0.0
Trajan Langdon,73,188,38.83
Larry Robinson,43,109,39.45
Peja Stojakovic,1708,4271,39.99
Gerald Brown,3,10,30.0
Rasho Nesterovic,0,12,0.0
Gerald Madkins,6,12,50.0
Ricky Davis,526,1457,36.1
Brad Miller,186,564,32.98
Toby Bailey,3,13,23.08
Antawn Jamison,990,2899,34.15
Greg Buckner,214,653,32.77
Damon Jones,879,2268,38.76
Corey Maggette,410,1250,32.8
Lee Nailon,1,8,12.5
Mike Penberthy,46,120,38.33
Dalibor Bagaric,0,2,0.0
Pau Gasol,168,455,36.92
Mikki Moore,2,13,15.38
Darvin Ham,2,14,14.29
Ben Wallace,7,52,13.46
Kenny Satterfield,12,52,23.08
Derrick Dial,8,39,20.51
Terrance Roberson,0,1,0.0
Joseph Forte,0,5,0.0
Ruben Wolkowyski,0,2,0.0
Ryan Robertson,0,2,0.0
Mateen Cleaves,10,39,25.64
Ira Newble,75,219,34.25
Oscar Torres,34,116,29.31
Antonis Fotsis,7,22,31.82
Erick Barkley,2,11,18.18
Rodney White,75,261,28.74
Paul McPherson,2,12,16.67
Shawnelle Scott,0,1,0.0
Vladimir Radmanovic,881,2354,37.43
Trenton Hassell,81,270,30.0
Victor Alexander,0,2,0.0
Bobby Simmons,318,802,39.65
Raja Bell,863,2127,40.57
Eddie Griffin,208,663,31.37
Jamal Crawford,2011,5838,34.45
Brian Cardinal,221,587,37.65
Sean Colson,1,5,20.0
Morris Peterson,901,2437,36.97
Jamaal Tinsley,320,1063,30.1
Michael Bradley,2,13,15.38
DerMarr Johnson,245,719,34.08
Earl Watson,440,1335,32.96
Eddie House,745,1893,39.36
Marc Jackson,4,27,14.81
Mike James,607,1674,36.26
Loren Woods,1,7,14.29
Wang Zhi-zhi,65,158,41.14
Nazr Mohammed,1,7,14.29
Tierre Brown,25,70,35.71
Shane Battier,1142,3018,37.84
Chris Mihm,2,11,18.18
Jerome Moiso,0,3,0.0
Hedo Turkoglu,1186,3140,37.77
Chris Andersen,11,64,17.19
Mike Smith,3,17,17.65
Jason Collins,7,32,21.88
Richard Jefferson,995,2646,37.6
Gerald Wallace,343,1071,32.03
Jamaal Magloire,0,7,0.0
Terence Morris,19,100,19.0
Pepe Sanchez,0,1,0.0
Jeff Foster,6,48,12.5
Marcus Fizer,18,94,19.15
Michael Redd,932,2460,37.89
Tony Parker,549,1731,31.72
Damone Brown,3,12,25.0
Joe Johnson,1802,4906,36.73
Eduardo Najera,104,339,30.68
Jamison Brewer,8,28,28.57
DeShawn Stevenson,474,1385,34.22
David Vanterpool,0,6,0.0
Ira Bowman,0,1,0.0
Elton Brand,2,18,11.11
Courtney Alexander,39,114,34.21
Jason Richardson,1468,3894,37.7
Tim James,1,1,100.0
Brandon Armstrong,22,63,34.92
Troy Murphy,511,1298,39.37
Charlie Bell,397,1104,35.96
Jeff Trepagnier,6,13,46.15
Khalid El-Amin,27,80,33.75
Joel Przybilla,0,3,0.0
Keyon Dooling,421,1190,35.38
Speedy Claxton,35,182,19.23
Joe Crispin,15,39,38.46
Desmond Mason,55,216,25.46
Dan Langhi,11,36,30.56
Cal Bowdler,2,7,28.57
Mark Madsen,1,17,5.88
Jahidi White,0,1,0.0
Scot Pollard,0,2,0.0
Tang Hamilton,0,1,0.0
Will Solomon,65,222,29.28
Slava Medvedenko,2,12,16.67
Hanno Mottola,1,16,6.25
Dale Davis,0,5,0.0
Kenyon Martin,58,275,21.09
Jamal Robinson,0,2,0.0
Darius Miles,21,122,17.21
Eddie Gill,56,179,31.28
Jabari Smith,1,6,16.67
Stromile Swift,2,21,9.52
Jason Collier,6,18,33.33
Dikembe Mutombo,0,1,0.0
Quentin Richardson,1069,3038,35.19
Steve Goodrich,0,2,0.0
Kirk Haston,0,6,0.0
Mike Miller,1415,3530,40.08
Andrei Kirilenko,310,993,31.22
Chris Porter,0,4,0.0
Bruno Sundov,4,20,20.0
Kedrick Brown,42,149,28.19
Lavor Postell,8,34,23.53
Stephen Jackson,1159,3449,33.6
A.J. Guyton,64,171,37.43
Marcus Haislip,6,14,42.86
Jeryl Sasser,14,46,30.43
Art Long,1,2,50.0
Devin Brown,263,786,33.46
Keith McLeod,51,175,29.14
Dan Dickau,147,443,33.18
Frank Williams,26,81,32.1
Drew Gooden,105,379,27.7
Luke Walton,166,494,33.6
Qyntel Woods,30,83,36.14
Jermaine Jackson,3,16,18.75
Mike Batiste,16,70,22.86
Curtis Borchardt,0,1,0.0
Jason Hart,57,178,32.02
Juaquin Hawkins,10,22,45.45
Norman Richardson,3,6,50.0
Tremaine Fowlkes,4,19,21.05
Dwyane Wade,570,1917,29.73
Travis Hansen,9,30,30.0
Casey Jacobsen,189,534,35.39
Marquis Daniels,82,326,25.15
Predrag Drobnjak,59,170,34.71
Primoz Brezec,0,4,0.0
John Salmons,571,1591,35.89
Jiri Welsch,104,312,33.33
Jason Kapono,443,1015,43.65
Nene,7,52,13.46
Gordan Giricek,273,744,36.69
Kyle Korver,2366,5573,42.45
Zoran Planinic,32,104,30.77
Malik Allen,2,12,16.67
Jannero Pargo,367,1002,36.63
Chris Bosh,322,949,33.93
Gilbert Arenas,1006,2862,35.15
Tamar Slay,14,45,31.11
Jake Tsakalidis,0,1,0.0
Boris Diaw,444,1324,33.53
Mike Dunleavy,1098,2925,37.54
Calvin Booth,2,7,28.57
J.R. Bremer,107,326,32.82
Jay Williams,63,185,34.05
Yao Ming,2,17,11.76
Zarko Cabarkapa,24,79,30.38
Chris Jefferies,30,81,37.04
Tayshaun Prince,528,1509,34.99
Leandro Barbosa,921,2420,38.06
Keith Bogans,608,1715,35.45
Ike Fontaine,1,5,20.0
Donnell Harvey,1,9,11.11
Mengke Bateer,5,15,33.33
Efthimios Rentzias,4,8,50.0
Maurice Evans,408,1120,36.43
Dahntay Jones,102,288,35.42
Tito Maddox,0,3,0.0
Reece Gaines,5,16,31.25
Kwame Brown,1,7,14.29
Josh Howard,311,973,31.96
Jared Jeffries,69,263,26.24
Amar'e Stoudemire,34,134,25.37
Britton Johnsen,1,13,7.69
Chris Dudley,0,1,0.0
Luke Ridnour,485,1367,35.48
Dan Gadzuric,0,7,0.0
Jarvis Hayes,354,999,35.44
Lonny Baxter,1,5,20.0
Brian Scalabrine,178,500,35.6
Junior Harrington,18,67,26.87
Nikoloz Tskitishvili,40,159,25.16
Richie Frahm,86,244,35.25
Sasha Pavlovic,283,807,35.07
Igor Rakocevic,5,12,41.67
Mike Wilks,33,98,33.67
Flip Murray,309,1009,30.62
Adam Harrington,5,13,38.46
Juan Dixon,295,878,33.6
T.J. Ford,113,387,29.2
Kirk Hinrich,1055,2799,37.69
Vincent Yarbrough,21,72,29.17
Antoine Rigaudeau,1,5,20.0
LeBron James,2398,7018,34.17
Matt Carroll,298,781,38.16
Dajuan Wagner,86,270,31.85
Sean Marks,4,23,17.39
Udonis Haslem,8,71,11.27
Mehmet Okur,577,1536,37.57
Fred Jones,310,881,35.19
Roger Mason Jr.,484,1294,37.4
Steve Blake,930,2472,37.62
Marko Jaric,271,782,34.65
Dean Oliver,2,15,13.33
Smush Parker,260,755,34.44
Kareem Rush,258,731,35.29
Brian Skinner,2,7,28.57
Kirk Penney,1,4,25.0
Manu Ginobili,1552,4258,36.45
Mickael Pietrus,642,1795,35.77
Mo Williams,982,2625,37.41
Sean Lampley,0,4,0.0
Predrag Savovic,4,25,16.0
Carmelo Anthony,1591,4556,34.92
Willie Green,418,1263,33.1
Zach Randolph,192,684,28.07
Marcus Banks,111,353,31.44
Ansu Sesay,8,27,29.63
Eric Montross,0,1,0.0
Bostjan Nachbar,291,801,36.33
Carlos Arroyo,119,354,33.62
Pat Burke,8,33,24.24
Rasual Butler,858,2368,36.23
Raul Lopez,39,114,34.21
Caron Butler,602,1786,33.71
Jarron Collins,0,4,0.0
Viktor Khryapa,12,44,27.27
JR Smith,1868,5059,36.92
Tony Allen,124,436,28.44
Horace Jenkins,0,9,0.0
Al Jefferson,6,48,12.5
Ronald Dupree,2,8,25.0
Zaza Pachulia,0,28,0.0
Bernard Robinson,5,26,19.23
Michael Sweetney,0,2,0.0
Awvee Storey,3,14,21.43
Beno Udrih,422,1219,34.62
Rafael Araujo,0,3,0.0
Tony Bobbitt,1,2,50.0
Brendan Haywood,0,3,0.0
Josh Davis,20,62,32.26
James Jones,794,1947,40.78
Ryan Humphrey,0,3,0.0
Nick Collison,20,91,21.98
Maurice Carter,4,11,36.36
Melvin Ely,0,3,0.0
Kevin Martin,885,2359,37.52
Ime Udoka,203,561,36.19
Desmond Ferguson,2,7,28.57
Shaun Livingston,12,67,17.91
Carlos Delfino,491,1363,36.02
Billy Thomas,29,90,32.22
Troy Bell,0,1,0.0
Kris Humphries,69,221,31.22
Anderson Varejao,1,40,2.5
Matt Barnes,878,2669,32.9
Darko Milicic,0,5,0.0
Royal Ivey,126,355,35.49
Theron Smith,9,23,39.13
Alex Garcia,4,16,25.0
Brian Cook,237,614,38.6
Quinton Ross,43,134,32.09
Kaniel Dickens,3,7,42.86
Luke Jackson,32,84,38.1
Luol Deng,574,1739,33.01
Kirk Snyder,82,247,33.2
Antonio Burks,3,14,21.43
Josh Smith,401,1415,28.34
Yuta Tabuse,1,1,100.0
Chris Kaman,1,21,4.76
Andre Iguodala,1085,3247,33.42
Reggie Evans,1,9,11.11
Josh Childress,90,268,33.58
Trevor Ariza,1581,4492,35.2
Sasha Vujacic,534,1460,36.58
Obinna Ekezie,0,1,0.0
Carlos Boozer,0,10,0.0
Nenad Krstic,1,12,8.33
Michael Olowokandi,0,1,0.0
Andris Biedrins,0,2,0.0
Linton Johnson,28,87,32.18
Chris Duhon,566,1557,36.35
Michael Ruffin,0,4,0.0
Tyson Chandler,0,9,0.0
Devin Harris,709,2182,32.49
Francisco Elson,3,15,20.0
Ben Gordon,977,2409,40.56
Samuel Dalembert,0,12,0.0
Justin Reed,0,6,0.0
Andre Barrett,15,58,25.86
Jerome James,0,2,0.0
Maciej Lampe,1,7,14.29
DeSagana Diop,0,4,0.0
Lionel Chalmers,12,47,25.53
Luis Flores,4,8,50.0
Damien Wilkins,168,530,31.7
Steven Hunter,0,1,0.0
Eddy Curry,2,2,100.0
Delonte West,360,972,37.04
Donta Smith,9,37,24.32
Paul Shirley,0,1,0.0
Sebastian Telfair,273,889,30.71
Chris Wilcox,0,16,0.0
Brandon Hunter,0,2,0.0
Jackson Vroman,0,3,0.0
David West,56,202,27.72
Matt Freije,15,70,21.43
Matt Bonner,715,1767,40.46
Andres Nocioni,525,1396,37.61
Mario Kasun,0,1,0.0
Travis Outlaw,312,914,34.14
Darius Songaila,3,20,15.0
Dwight Howard,21,113,18.58
Jameer Nelson,1027,2757,37.25
Emeka Okafor,0,2,0.0
Solomon Jones,1,9,11.11
Luther Head,420,1090,38.53
Alan Anderson,238,655,36.34
Mark Blount,33,92,35.87
Francisco Garcia,478,1357,35.22
Danny Granger,922,2430,37.94
Erik Daniels,1,2,50.0
James Singleton,28,101,27.72
Rudy Gay,1036,3008,34.44
Jordan Farmar,580,1573,36.87
David Noel,14,50,28.0
Steve Novak,407,920,44.24
Bracey Wright,11,35,31.43
Fabricio Oberto,0,4,0.0
Maurice Ager,11,41,26.83
Marcus Vinicius,10,25,40.0
Donell Taylor,7,30,23.33
Anthony Grundy,2,10,20.0
Tyrus Thomas,3,23,13.04
Salim Stoudamire,156,427,36.53
Channing Frye,1064,2707,39.31
Daniel Gibson,518,1217,42.56
CJ Miles,1092,3094,35.29
Deron Williams,1051,2923,35.96
Omar Cook,0,4,0.0
Stephen Graham,49,153,32.03
J.J. Barea,697,2007,34.73
Amir Johnson,105,317,33.12
Ivan McFarlin,0,1,0.0
Andrew Bynum,1,10,10.0
Ronnie Brewer,61,268,22.76
Daniel Ewing,26,95,27.37
Linas Kleiza,347,1043,33.27
Marcus Williams,117,378,30.95
Sean May,0,8,0.0
Cedric Bozeman,2,12,16.67
Andray Blatche,49,188,26.06
Shannon Brown,243,707,34.37
Nate Robinson,637,1833,34.75
Sergio Rodriguez,191,582,32.82
Allan Ray,46,112,41.07
Will Blalock,0,3,0.0
Sarunas Jasikevicius,112,317,35.33
Chris Paul,1709,4554,37.53
Lou Williams,1369,3976,34.43
Chris Quinn,140,379,36.94
Arvydas Macijauskas,3,12,25.0
Antoine Wright,141,468,30.13
Gerald Green,943,2593,36.37
Esteban Batista,0,1,0.0
LaMarcus Aldridge,242,724,33.43
Andrea Bargnani,535,1511,35.41
Vassilis Spanoulis,5,28,17.86
Kelenna Azubuike,183,448,40.85
Charlie Villanueva,559,1677,33.33
Kendrick Perkins,0,17,0.0
Hakim Warrick,19,101,18.81
Thabo Sefolosha,438,1328,32.98
Noel Felix,1,3,33.33
Mardy Collins,36,113,31.86
Randy Foye,877,2458,35.68
Von Wafer,100,293,34.13
Marvin Williams,954,2644,36.08
Ersan Ilyasova,766,2153,35.58
Chuck Hayes,0,15,0.0
Rajon Rondo,439,1372,32.0
Desmon Farmer,4,12,33.33
Tarence Kinsey,21,63,33.33
Jarrett Jack,480,1447,33.17
Dijon Thompson,4,13,30.77
Orien Greene,11,50,22.0
Jake Voskuhl,0,2,0.0
Will Bynum,59,221,26.7
Eddie Basden,1,6,16.67
Bobby Jones,12,49,24.49
Lawrence Roberts,0,2,0.0
Renaldo Balkman,11,62,17.74
Kevin Burleson,9,52,17.31
Shawne Williams,269,778,34.58
Adam Morrison,109,325,33.54
Monta Ellis,623,1962,31.75
Alex Acker,5,16,31.25
Walter Herrmann,97,272,35.66
Raymond Felton,773,2368,32.64
Travis Diener,133,383,34.73
Ronnie Price,218,735,29.66
Sergei Monia,7,32,21.88
Devin Green,0,2,0.0
Anthony Roberson,45,120,37.5
Melvin Sanders,2,3,66.67
Joey Graham,46,153,30.07
Ben Handlogten,0,1,0.0
Mamadou N'diaye,0,1,0.0
Rodney Carney,181,536,33.77
Dorell Wright,450,1238,36.35
Jorge Garbajosa,68,199,34.17
Mark Jones,0,4,0.0
Brandon Roy,314,900,34.89
JJ Redick,1799,4359,41.27
Ryan Gomes,299,862,34.69
Jose Calderon,749,1889,39.65
Ndudi Ebi,0,1,0.0
Quincy Douby,56,182,30.77
Shelden Williams,2,9,22.22
Yaroslav Korolev,2,7,28.57
Rashad McCants,267,715,37.34
Gerald Fitch,7,26,26.92
Andrew Bogut,2,26,7.69
Mickael Gelabale,23,68,33.82
Kyle Lowry,2100,5721,36.71
Roger Powell,0,1,0.0
Yakhouba Diawara,111,395,28.1
Andre Owens,18,52,34.62
Craig Smith,1,26,3.85
John Lucas III,117,346,33.82
Robert Hite,5,23,21.74
Damir Markota,5,15,33.33
Rawle Marshall,4,16,25.0
Martell Webster,613,1641,37.36
Rodney Stuckey,207,689,30.04
Jeremy Richardson,12,27,44.44
Lynn Greer,16,49,32.65
Brandon Bass,14,57,24.56
Gabe Pruitt,13,52,25.0
Coby Karl,6,23,26.09
Oleksiy Pecherov,39,142,27.46
Thaddeus Young,500,1509,33.13
Mario West,2,11,18.18
James White,4,12,33.33
Leon Powe,0,4,0.0
Arron Afflalo,759,1907,39.8
Thomas Gardner,8,34,23.53
Dominic McGuire,3,17,17.65
Spencer Hawes,313,915,34.21
Al Horford,866,2277,38.03
C.J. Watson,385,1069,36.01
Hassan Adams,0,1,0.0
Earl Barron,4,15,26.67
Jared Dudley,774,1932,40.06
Kevin Durant,2009,5329,37.7
Morris Almond,6,22,27.27
Josh McRoberts,175,493,35.5
Acie Law,25,107,23.36
Luis Scola,89,267,33.33
Aaron Brooks,756,2086,36.24
Jason Maxiell,0,4,0.0
Ronny Turiaf,0,6,0.0
Guillermo Diaz,0,1,0.0
Corey Brewer,417,1491,27.97
Julian Wright,12,56,21.43
Nick Young,962,2511,38.31
Mike Conley,1494,3931,38.01
Wilson Chandler,768,2291,33.52
Dwayne Jones,0,1,0.0
Aaron Gray,0,2,0.0
DJ Strawberry,6,23,26.09
Marco Belinelli,1092,2930,37.27
Jeff Green,1094,3253,33.63
Blake Ahearn,14,47,29.79
Jason Smith,89,263,33.84
Glen Davis,8,53,15.09
Darius Washington,4,12,33.33
Kevinn Pinkney,1,2,50.0
Theo Ratliff,0,1,0.0
Carl Landry,8,28,28.57
David Lee,1,24,4.17
Uros Slokar,0,1,0.0
Josh Powell,5,17,29.41
Kasib Powell,8,29,27.59
Jamal Sampson,0,1,0.0
Al Thornton,71,236,30.08
Joakim Noah,0,10,0.0
Maceo Baston,3,8,37.5
Alando Tucker,9,32,28.13
Jamario Moon,167,510,32.75
Paul Millsap,575,1738,33.08
Daequan Cook,407,1130,36.02
Justin Williams,0,1,0.0
Ramon Sessions,178,570,31.23
Yi Jianlian,63,196,32.14
Juan Carlos Navarro,136,381,35.7
Demetris Nichols,3,13,23.08
Taurean Green,0,9,0.0
Mike Harris,2,8,25.0
Javaris Crittenton,12,52,23.08
Nick Fazekas,0,2,0.0
Kyle Weaver,35,105,33.33
Cheikh Samb,0,2,0.0
Nathan Jawai,0,1,0.0
Shavlik Randolph,3,7,42.86
Brook Lopez,821,2370,34.64
DJ Mbenga,0,1,0.0
Wayne Ellington,1061,2843,37.32
Serge Ibaka,652,1780,36.63
Kyrylo Fesenko,0,2,0.0
Austin Daye,149,438,34.02
Bobby Brown,103,313,32.91
Pops Mensah-Bonsu,0,1,0.0
Sun Sun,0,5,0.0
Toney Douglas,337,997,33.8
Courtney Lee,779,2032,38.34
Danny Green,1605,4099,39.16
Donte Greene,156,506,30.83
J.R. Giddens,0,8,0.0
Sundiata Gaines,43,142,30.28
James Harden,2884,8019,35.96
Walter Sharpe,0,2,0.0
Jermaine Taylor,21,70,30.0
Marcin Gortat,2,15,13.33
Derrick Brown,13,39,33.33
Jason Thompson,5,36,13.89
Jonny Flynn,103,311,33.12
Marcus Landry,15,48,31.25
Sean Williams,0,1,0.0
Roy Hibbert,3,19,15.79
Paul Davis,0,1,0.0
Dontell Jefferson,1,2,50.0
Eric Gordon,1856,4986,37.22
David Andersen,33,95,34.74
Marcus Thornton,588,1645,35.74
Kevin Love,1610,4250,37.88
George Hill,1023,2708,37.78
Sam Young,33,126,26.19
Ike Diogu,1,1,100.0
DaJuan Summers,25,65,38.46
D.J. Augustin,1162,3047,38.14
Patrick O'Bryant,0,3,0.0
Gerald Henderson,213,656,32.47
Rudy Fernandez,391,1097,35.64
Alexis Ajinca,10,37,27.03
Ryan Anderson,1100,2935,37.48
Brandon Rush,493,1208,40.81
Lou Amundson,0,3,0.0
Roko Ukic,13,66,19.7
DeMar DeRozan,422,1482,28.48
Jonas Jerebko,379,1025,36.98
DeMarre Carroll,643,1828,35.18
Goran Dragic,1060,2931,36.17
Anthony Tolliver,789,2094,37.68
Darren Collison,582,1451,40.11
Jawad Williams,40,128,31.25
Rodrigue Beaubois,100,304,32.89
Jeff Teague,657,1845,35.61
Jrue Holiday,1300,3563,36.49
Anthony Randolph,17,77,22.08
Dante Cunningham,209,606,34.49
James Johnson,371,1215,30.53
Derrick Rose,614,1893,32.44
Malik Hairston,2,11,18.18
Luc Mbah a Moute,190,593,32.04
Joe Crawford,1,4,25.0
Tyler Hansbrough,6,26,23.08
Danilo Gallinari,1291,3390,38.08
Jordan Hill,3,17,17.65
Chase Budinger,361,1008,35.81
Brandan Wright,0,10,0.0
Marreese Speights,246,695,35.4
Earl Clark,48,140,34.29
Marc Gasol,439,1224,35.87
Jodie Meeks,627,1683,37.25
Michael Beasley,227,657,34.55
Mario Chalmers,672,1966,34.18
AJ Price,142,475,29.89
O.J. Mayo,687,1856,37.02
Chris Hunter,0,4,0.0
Hilton Armstrong,1,6,16.67
Wesley Matthews,1642,4419,37.16
Stephen Curry,3575,8521,41.96
Sean Singletary,9,22,40.91
Cartier Martin,149,420,35.48
Johan Petro,1,7,14.29
Lester Hudson,33,114,28.95
Jerryd Bayless,421,1188,35.44
Robin Lopez,50,166,30.12
Sonny Weems,32,117,27.35
Ty Lawson,396,1092,36.26
Rob Kurz,14,34,41.18
Terrence Williams,47,155,30.32
Chris Douglas-Roberts,83,243,34.16
DeMarcus Nelson,0,3,0.0
Mike Taylor,10,32,31.25
Russell Westbrook,1224,4049,30.23
Anthony Morrow,778,1836,42.37
Tyreke Evans,425,1320,32.2
Joe Alexander,15,41,36.59
Brandon Jennings,682,2071,32.93
Nicolas Batum,1431,3922,36.49
Omri Casspi,440,1191,36.94
Darnell Jackson,3,15,20.0
Eric Maynor,81,248,32.66
Al-Farouq Aminu,583,1721,33.88
Taj Gibson,49,192,25.52
James Anderson,165,514,32.1
Devin Ebanks,3,19,15.79
Manny Harris,42,126,33.33
Derrick Williams,199,662,30.06
John Wall,669,2068,32.35
Oliver Lafayette,1,2,50.0
Trevor Booker,73,240,30.42
Jeremy Pargo,18,58,31.03
Isaiah Thomas,926,2576,35.95
Josh Selby,1,13,7.69
Othyus Jeffers,1,6,16.67
DeAndre Jordan,2,17,11.76
Markieff Morris,611,1770,34.52
Josh Harrellson,34,95,35.79
Armon Johnson,6,15,40.0
Gary Neal,383,1000,38.3
Greivis Vasquez,331,957,34.59
Gordon Hayward,952,2604,36.56
Marcus Morris Sr.,1215,3191,38.08
Ian Mahinmi,7,41,17.07
Luke Babbitt,347,833,41.66
Ricky Rubio,592,1811,32.69
Nikola Vucevic,675,1944,34.72
Willie Warren,4,13,30.77
Ben Uzoh,3,8,37.5
Patty Mills,1444,3735,38.66
Dominique Jones,1,8,12.5
Larry Owens,7,16,43.75
Ish Smith,278,868,32.03
Chris Singleton,48,138,34.78
Xavier Henry,41,117,35.04
DJ White,1,3,33.33
MarShon Brooks,85,241,35.27
Tiago Splitter,2,15,13.33
Cedric Jackson,1,6,16.67
E'Twaun Moore,494,1243,39.74
Kyrie Irving,1539,3925,39.21
Andy Rautins,1,10,10.0
Damion James,1,8,12.5
Lance Stephenson,349,1129,30.91
Trey Thompkins,3,12,25.0
Dennis Horner,0,1,0.0
Shelvin Mack,289,890,32.47
Jordan Crawford,244,804,30.35
Craig Brackins,3,12,25.0
Norris Cole,209,624,33.49
Klay Thompson,2340,5689,41.13
Chandler Parsons,510,1399,36.45
Terrel Harris,8,37,21.62
Kemba Walker,1554,4339,35.81
Iman Shumpert,494,1442,34.26
Quincy Pondexter,178,500,35.6
Luke Harangody,21,75,28.0
Alec Burks,712,1854,38.4
Pooh Jeter,5,26,19.23
Eric Bledsoe,815,2477,32.9
Landry Fields,111,326,34.05
Kosta Koufos,1,4,25.0
Reggie Jackson,1066,3021,35.29
Taylor Griffin,0,2,0.0
JaVale McGee,13,74,17.57
Christian Eyenga,20,72,27.78
Blake Griffin,524,1602,32.71
Patrick Patterson,600,1631,36.79
Trey Johnson,1,3,33.33
Pape Sy,0,1,0.0
Garrett Temple,649,1906,34.05
Mustafa Shakur,1,11,9.09
Kawhi Leonard,1081,2768,39.05
Lazar Hayward,19,68,27.94
Gary Forbes,44,137,32.12
Avery Bradley,831,2250,36.93
DeJuan Blair,0,7,0.0
Sherron Collins,2,8,25.0
Paul George,2037,5384,37.83
Nolan Smith,13,42,30.95
Alonzo Gee,98,314,31.21
Cory Higgins,4,20,20.0
DeMarcus Cousins,408,1203,33.92
Wesley Johnson,535,1571,34.05
Jimmer Fredette,129,358,36.03
Jeremy Evans,9,38,23.68
Henry Walker,179,480,37.29
Andrew Goudelock,34,101,33.66
Hamed Haddadi,0,6,0.0
Will Conroy,0,3,0.0
JJ Hickson,0,16,0.0
Evan Turner,225,775,29.03
Darrell Arthur,150,422,35.55
Brandon Knight,554,1593,34.78
Larry Sanders,0,4,0.0
Jeremy Lin,388,1122,34.58
Samardo Samuels,1,5,20.0
Zabian Dowdell,2,9,22.22
Greg Monroe,2,18,11.11
Michael Carter-Williams,173,702,24.64
Diante Garrett,35,93,37.63
Derrick Byars,0,6,0.0
Jamaal Franklin,8,23,34.78
Kentavious Caldwell-Pope,1292,3539,36.51
Ian Clark,278,788,35.28
Tony Snell,742,1901,39.03
Ben McLemore,859,2395,35.87
Maurice Harkless,374,1149,32.55
Solomon Hill,358,1096,32.66
Quincy Acy,187,521,35.89
Jeremy Lamb,566,1710,33.1
John Jenkins,79,221,35.75
Terrence Jones,91,331,27.49
D.J. Kennedy,2,6,33.33
Orlando Johnson,18,71,25.35
Patrick Beverley,933,2488,37.5
Quincy Miller,37,120,30.83
Kent Bazemore,676,1925,35.12
Andre Roberson,116,473,24.52
Will Barton,873,2392,36.5
Michael Kidd-Gilchrist,29,108,26.85
Shabazz Muhammad,120,380,31.58
Tristan Thompson,10,36,27.78
Edwin Ubiles,1,4,25.0
Gigi Datome,21,66,31.82
Darius Miller,315,821,38.37
Draymond Green,735,2286,32.15
P.J. Tucker,926,2511,36.88
Mychel Thompson,4,11,36.36
Dionte Christmas,13,43,30.23
Isaiah Canaan,362,1024,35.35
Gustavo Ayon,0,1,0.0
Erik Murphy,2,15,13.33
Jan Vesely,0,1,0.0
Jeffery Taylor,31,112,27.68
Ray McCallum,71,208,34.13
Mike Scott,522,1411,37.0
Darington Hobson,0,6,0.0
Ed Davis,0,6,0.0
Kyle Singler,234,632,37.03
Phil Pressey,48,198,24.24
Bradley Beal,1505,4066,37.01
Thomas Robinson,0,5,0.0
Enes Freedom,50,186,26.88
Justin Dentmon,2,14,14.29
Carldell Johnson,4,11,36.36
Marquis Teague,6,27,22.22
Peyton Siva,8,26,30.77
Nemanja Nedovic,7,30,23.33
Damian Lillard,2342,6261,37.41
Carrick Felix,5,14,35.71
Justin Harper,17,46,36.96
Pero Antic,114,379,30.08
Austin Rivers,776,2261,34.32
Perry Jones III,40,143,27.97
Lance Thomas,158,421,37.53
Dion Waiters,521,1461,35.66
Tyler Zeller,10,32,31.25
Byron Mullens,58,180,32.22
Kenneth Faried,10,44,22.73
Anthony Davis,352,1131,31.12
Ryan Kelly,105,303,34.65
Matthew Dellavedova,425,1205,35.27
Anthony Bennett,44,172,25.58
Vitor Faverani,15,50,30.0
Pablo Prigioni,168,455,36.92
Ivan Johnson,2,10,20.0
Cory Joseph,460,1306,35.22
Tyler Honeycutt,1,3,33.33
Giannis Antetokounmpo,526,1871,28.11
Nate Wolters,21,77,27.27
CJ McCollum,1641,4143,39.61
Vander Blue,5,22,22.73
Ricky Ledo,19,56,33.93
DeAndre Liggins,38,113,33.63
Nando De Colo,18,63,28.57
Doron Lamb,32,75,42.67
Kendall Marshall,105,271,38.75
Ben Hansbrough,0,2,0.0
Jared Cunningham,29,93,31.18
Alexey Shved,87,259,33.59
Adonis Thomas,1,8,12.5
Jerry Smith,1,4,25.0
Walker Russell,4,11,36.36
Jerome Dyson,1,8,12.5
Shane Larkin,119,355,33.52
Tony Mitchell,1,2,50.0
Robert Covington,1241,3429,36.19
Brandon Davies,15,52,28.85
Lorenzo Brown,18,115,15.65
Courtney Fortson,3,13,23.08
Jeremy Tyler,0,2,0.0
Terrence Ross,1279,3543,36.1
Elliot Williams,56,177,31.64
Andre Emmett,0,1,0.0
Jonas Valanciunas,179,514,34.82
Archie Goodwin,44,202,21.78
Julyan Stone,9,40,22.5
Xavier Silas,11,36,30.56
Victor Oladipo,806,2347,34.34
Charles Jenkins,3,18,16.67
Allen Crabbe,597,1547,38.59
Andre Drummond,19,119,15.97
Harrison Barnes,1103,2919,37.79
Gal Mekel,11,38,28.95
Chris Johnson,97,330,29.39
Mason Plumlee,2,40,5.0
Andrew Nicholson,96,270,35.56
Tim Hardaway Jr.,1456,4014,36.27
Ekpe Udoh,0,3,0.0
Reggie Bullock,864,2270,38.06
Joel Freeland,0,3,0.0
Kyle O'Quinn,33,142,23.24
Darius Morris,31,93,33.33
Mirza Teletovic,535,1450,36.9
Sergey Karasev,40,132,30.3
Evan Fournier,1319,3494,37.75
Timofey Mozgov,12,61,19.67
Trey Burke,546,1580,34.56
Toure' Murry,8,26,30.77
James Nunnally,22,67,32.84
Jon Brockman,0,1,0.0
Tornike Shengelia,0,6,0.0
Jimmy Butler,612,1928,31.74
Chris Babb,9,34,26.47
Cody Zeller,37,142,26.06
Jon Leuer,127,387,32.82
Victor Claver,11,40,27.5
Jared Sullinger,146,533,27.39
Donald Sloan,96,309,31.07
Nick Calathes,35,117,29.91
John Henson,18,73,24.66
Chris Copeland,120,369,32.52
Brian Roberts,158,470,33.62
Otto Porter Jr.,724,1819,39.8
Jae Crowder,1236,3545,34.87
Derrick Favors,35,176,19.89
Malcolm Lee,2,9,22.22
Dennis Schroder,813,2403,33.83
Dwight Buycks,26,83,31.33
Tyshawn Taylor,5,15,33.33
Bernard James,0,1,0.0
Jordan Hamilton,107,314,34.08
Hollis Thompson,346,904,38.27
Kelly Olynyk,822,2239,36.71
Khris Middleton,1364,3478,39.22
Mike Muscala,477,1262,37.8
Robbie Hummel,53,160,33.13
Lavoy Allen,2,13,15.38
Meyers Leonard,348,873,39.86
Donatas Motiejunas,101,334,30.24
Malcolm Thomas,1,10,10.0
Tobias Harris,1104,2981,37.03
Tony Wroten,83,347,23.92
Greg Stiemsma,0,1,0.0
Elias Harris,1,6,16.67
Zach LaVine,1123,2982,37.66
Kevin Seraphin,0,6,0.0
Richard Hickman Jr.,0,2,0.0
Carlos Morais,1,3,33.33
Joffrey Lauvergne,49,175,28.0
Romero Osby,2,2,100.0
Russ Smith,6,26,23.08
Gege Chaia,1,6,16.67
Fran Pilepic,1,2,50.0
Rodney Hood,627,1736,36.12
Keith Appling,0,5,0.0
Casper Ware,17,50,34.0
Chris Wright,0,1,0.0
Seth Curry,845,1953,43.27
Izzet Turkyilmaz,1,1,100.0
Zoran Vrkic,0,2,0.0
Devyn Marble,21,81,25.93
Brock Motum,1,1,100.0
Glenn Robinson III,201,525,38.29
James Ennis III,329,923,35.64
Aaron Jackson,1,8,12.5
Vladimir Micov,2,5,40.0
Yogev Ohayon,0,7,0.0
Kalin Lucas,3,9,33.33
Drew Gordon,0,3,0.0
Jabari Brown,20,58,34.48
Milos Teodosic,106,275,38.55
Eric Griffin,1,4,25.0
Axel Hervelle,0,4,0.0
Dante Exum,167,541,30.87
Spencer Dinwiddie,735,2204,33.35
Dewayne Dedmon,179,539,33.21
Courtney Fells,0,2,0.0
Sylven Landesberg,5,10,50.0
Dairis Bertans,13,37,35.14
Zoran Dragic,4,17,23.53
Doug McDermott,823,2009,40.97
Joe Harris,1009,2349,42.95
Kenny Kadji,0,3,0.0
James Birsen,0,3,0.0
Victor Khryapa,0,2,0.0
Guy Pnini,3,8,37.5
JaMychal Green,455,1224,37.17
Nicolas Laprovittola,12,41,29.27
Bogdan Bogdanovic,885,2282,38.78
Omer Asik,0,1,0.0
Tim Frazier,127,374,33.96
Royce White,1,5,20.0
Vitaly Fridzon,3,10,30.0
Erick Green,21,65,32.31
Maalik Wayns,6,19,31.58
Jordan Clarkson,1218,3588,33.95
Alex King,2,4,50.0
Oguz Savas,1,1,100.0
Kris Joseph,2,6,33.33
Marcus Smart,1044,3242,32.2
Ben Reis,2,6,33.33
Tomer Bar-Even,0,2,0.0
Joe Ingles,1169,2869,40.75
Andrew Wiggins,940,2666,35.26
Nick Johnson,12,50,24.0
Bryce Cotton,9,31,29.03
Reggie Redding,2,3,66.67
Anton Shoutvin,3,5,60.0
Troy Daniels,550,1408,39.06
Markel Brown,55,187,29.41
German Gabriel,1,5,20.0
Charlie Westbrook,0,3,0.0
Akeem Vargas,0,1,0.0
Aaron Craft,2,4,50.0
Bruno Caboclo,67,225,29.78
Marcelinho Machado,13,28,46.43
JaKarr Sampson,54,229,23.58
Jerami Grant,690,1972,34.99
Kostas Papanikolaou,43,162,26.54
Jordan Adams,12,39,30.77
Mitch McGary,2,7,28.57
Leroy Hickerson,1,3,33.33
Chris Smith,0,2,0.0
Michael Jenkins,8,24,33.33
Jeff Withey,5,23,21.74
Furkan Aldemir,0,7,0.0
Darius Johnson-Odom,2,5,40.0
Brady Heslip,6,11,54.55
Jarell Eddie,19,77,24.68
Elfrid Payton,181,649,27.89
Cory Jefferson,2,19,10.53
Nikola Mirotic,646,1842,35.07
Gary Harris,775,2078,37.3
David Cubillan,11,19,57.89
David Stockton,6,11,54.55
Jeff Allen,0,2,0.0
Sherwood Brown,2,6,33.33
T.J. Warren,263,745,35.3
Marquez Haynes,0,4,0.0
Emir Preldzic,1,5,20.0
Ike Ofoegbu,0,6,0.0
Grant Jerrett,3,20,15.0
Jusuf Nurkic,78,281,27.76
Andre Dawkins,7,18,38.89
Aron Baynes,104,341,30.5
Adreian Payne,15,67,22.39
Noah Vonleh,90,299,30.1
Olivinha,3,8,37.5
Langston Galloway,628,1709,36.75
Justin Holiday,974,2687,36.25
Rene Rougeau,0,2,0.0
Cameron Jones,2,11,18.18
Nik Stauskas,382,1084,35.24
Danielzinho Lorio,0,1,0.0
Brian Randle,0,1,0.0
James Young,53,186,28.49
Will Cherry,2,11,18.18
Luis Chupeta,0,1,0.0
Rodney McGruder,298,832,35.82
KJ McDaniels,79,279,28.32
Sean Kilpatrick,199,588,33.84
Alex Mumbru,0,7,0.0
Alex Renfoe,1,4,25.0
Nate Linhart,2,5,40.0
Kenan Sipahi,0,2,0.0
Cole Aldrich,0,1,0.0
Patrick Christopher,4,15,26.67
Mitchell Watt,0,2,0.0
Daniel Nwaelele,2,5,40.0
Tyler Ennis,63,212,29.72
Moran Roth,2,6,33.33
Jabari Parker,218,670,32.54
Nemanja Bjelica,488,1281,38.1
Kyle Anderson,264,766,34.46
Stephen Holt,2,6,33.33
Vitor Benite,2,7,28.57
Steven Adams,1,18,5.56
Shayne Whittington,1,13,7.69
Cleanthony Early,33,114,28.95
Jorge Gutierrez,4,22,18.18
Khalif Wyatt,3,10,30.0
Bo McCalebb,2,5,40.0
Tony Gaffney,0,3,0.0
Shabazz Napier,352,997,35.31
Rudy Gobert,0,15,0.0
Dwight Powell,118,414,28.5
Serhat Cetin,0,1,0.0
Henry Sims,3,23,13.04
Rodney Williams,0,2,0.0
Justin Hamilton,72,221,32.58
Dagan Yivzuri,3,14,21.43
Mickey McConnell,0,1,0.0
C.J. Wilcox,27,77,35.06
Jerel McNeal,1,1,100.0
Julius Randle,662,2015,32.85
Aaron Gordon,658,2007,32.79
Tarik Black,2,14,14.29
Elijah Millsap,29,102,28.43
PJ Hairston,139,446,31.17
Shane Edwards,0,3,0.0
Olek Czyz,1,1,100.0
Will Frisby,2,6,33.33
Robert Sacre,0,1,0.0
James Southerland,4,8,50.0
Cristiano Felicio,1,16,6.25
Travis Wear,27,74,36.49
CJ Fair,1,3,33.33
Gorgui Dieng,189,541,34.94
Damjan Rudez,114,313,36.42
Jake Cohen,0,3,0.0
Alex Len,92,290,31.72
Bojan Bogdanovic,1362,3496,38.96
Melih Mahmutoglu,1,7,14.29
Larry Drew II,7,33,21.21
Josh Bostic,0,1,0.0
Dee Bost,2,6,33.33
Dagan Yivzori,7,11,63.64
Scott Machado,1,10,10.0
Devin Smith,1,9,11.11
Brody Angley,7,14,50.0
Kyle Fogg,1,6,16.67
CJ Leslie,0,1,0.0
Tyler Johnson,451,1216,37.09
Scotty Hopson,0,3,0.0
Clifford Hammonds,1,3,33.33
DJ Stephens,4,15,26.67
Demontez Stitt,6,17,35.29
Hector Hernandez,3,18,16.67
Corey Walden,0,3,0.0
Brandon Ingram,519,1430,36.29
Justin Anderson,159,562,28.29
Josh Huestis,46,143,32.17
Jahlil Okafor,6,26,23.08
RJ Hunter,36,126,28.57
Domantas Sabonis,209,650,32.15
Jeff Ayres,0,1,0.0
Dorian Finney-Smith,721,1961,36.77
Michael Gbinije,4,16,25.0
Henry Ellenson,58,159,36.48
Pat Connaughton,634,1763,35.96
Jamil Wilson,31,80,38.75
Corey Hawkins,2,2,100.0
Cameron Payne,364,1035,35.17
Brandon Ashley,2,15,13.33
Luis Montero,4,16,25.0
Kristaps Porzingis,711,1984,35.84
T.J. McConnell,132,389,33.93
D'Angelo Russell,1220,3382,36.07
Nick Wiggins,0,1,0.0
Chris Walker,0,1,0.0
Troy Williams,54,159,33.96
Rondae Hollis-Jefferson,43,195,22.05
Ron Baker,40,139,28.78
Willy Hernangomez,37,118,31.36
Jonathon Simmons,162,505,32.08
Sam Thompson,0,2,0.0
Tyler Ulis,63,212,29.72
Montrezl Harrell,12,89,13.48
Mindaugas Kuzminskas,57,176,32.39
Richaun Holmes,50,177,28.25
John Holland,24,58,41.38
Jordan McRae,80,242,33.06
Kevon Looney,10,62,16.13
Davis Bertans,803,2043,39.3
Treveon Graham,107,333,32.13
Bryce Dejean-Jones,17,44,38.64
Yogi Ferrell,267,733,36.43
Mario Hezonja,266,841,31.63
Clint Capela,0,5,0.0
Tre Kelley,0,1,0.0
Aaron Harrison,18,67,26.87
Johnny O'Bryant III,20,55,36.36
Joel Bolomboy,4,11,36.36
Rashad Vaughn,94,307,30.62
Karl-Anthony Towns,809,2062,39.23
Andrew Harrison,103,339,30.38
Thon Maker,135,428,31.54
Briante Weber,9,37,24.32
Coty Clarke,2,2,100.0
Devin Booker,1141,3154,36.18
Salah Mejri,8,28,28.57
Frank Kaminsky,423,1213,34.87
JP Tokoto,0,4,0.0
Stanley Johnson,340,1082,31.42
Chris Daniels,7,20,35.0
Jack Cooley,0,1,0.0
Cameron Bairstow,2,8,25.0
Kyle Wiltjer,18,44,40.91
Trey Lyles,464,1373,33.79
Tomas Satoransky,215,621,34.62
Bryn Forbes,770,1859,41.42
Michael Frazier II,5,22,22.73
Devin Sweetney,0,4,0.0
Pierre Jackson,3,17,17.65
James Michael McAdoo,7,24,29.17
Norman Powell,761,1983,38.38
Xavier Munford,10,34,29.41
Greg Whittington,1,12,8.33
AJ Hammons,4,10,40.0
Nikola Jokic,654,1860,35.16
Marquese Chriss,163,552,29.53
Jarell Martin,64,183,34.97
Semaj Christon,11,61,18.03
Emmanuel Mudiay,263,825,31.88
Demetrius Jackson,8,19,42.11
Caris LeVert,553,1589,34.8
Sheldon Mac,12,45,26.67
Jaylen Brown,1064,2894,36.77
Timothe Luwawu-Cabarrot,313,956,32.74
Will Cummings,2,7,28.57
Nicolas Brussino,38,116,32.76
Marshall Henderson,0,1,0.0
Keifer Sykes,28,96,29.17
Lazeric Jones,6,9,66.67
Juancho Hernangomez,270,803,33.62
Tibor Pleiss,0,3,0.0
Taurean Prince,686,1837,37.34
Jerian Grant,181,559,32.38
Isaiah Whitehead,49,169,28.99
Pascal Siakam,482,1514,31.84
Fred VanVleet,1032,2769,37.27
Malcolm Brogdon,688,1777,38.72
Larry Nance Jr.,175,522,33.52
Scottie Wilbekin,9,21,42.86
Kay Felder,15,49,30.61
Terran Petteway,1,1,100.0
Terrico White,0,2,0.0
Jamal Murray,922,2432,37.91
Netanel Artzi,0,2,0.0
Melvin Ejim,1,3,33.33
Georges Niang,587,1470,39.93
Kelly Oubre Jr.,784,2408,32.56
Damien Inglis,4,14,28.57
Jonathan Gibson,23,71,32.39
Christian Wood,351,935,37.54
Tim Quarterman,8,20,40.0
Dragan Bender,179,567,31.57
Thanasis Antetokounmpo,9,60,15.0
Dejounte Murray,347,1028,33.75
Travis Trice II,0,1,0.0
Marcelo Huertas,19,78,24.36
Maurice Ndour,1,16,6.25
Kris Dunn,129,423,30.5
Jake Layman,132,433,30.48
Joe Young,49,164,29.88
Willie Cauley-Stein,8,34,23.53
Jordan Sibert,2,6,33.33
Anthony Brown,34,105,32.38
Buddy Hield,1582,3949,40.06
Quinn Cook,196,492,39.84
Malik Beasley,888,2357,37.68
Wade Baldwin IV,10,43,23.26
Patrick McCaw,105,340,30.88
Malachi Richardson,30,98,30.61
Lucas Nogueira,11,37,29.73
Omari Johnson,5,19,26.32
Lamar Patterson,21,66,31.82
Sampson Carter,0,1,0.0
Delon Wright,310,861,36.0
Josh Richardson,781,2140,36.5
DeAndre' Bembry,102,366,27.87
Bobby Portis,580,1553,37.35
Dez Wells,0,1,0.0
Denzel Livingston,4,13,30.77
Justise Winslow,223,729,30.59
Raul Neto,258,730,35.34
Dario Saric,557,1527,36.48
Duje Dukan,3,7,42.86
Luka Doncic,959,2808,34.15
Tyus Jones,417,1211,34.43
Myles Turner,455,1315,34.6
Denzel Valentine,336,928,36.21
Willie Reed,2,6,33.33
Sam Dekker,97,341,28.45
Deshaun Thomas,0,4,0.0
Kadeem Jack,0,1,0.0
Terry Rozier,1143,3087,37.03
Darrun Hilliard,37,109,33.94
Malcolm Delaney,71,225,31.56
Chris McCullough,17,55,30.91
Nerlens Noel,3,13,23.08
Axel Toupane,12,44,27.27
Paul Zipser,77,230,33.48
Jaron Johnson,0,3,0.0
Alex Abrines,210,568,36.97
Joel Embiid,478,1475,32.41
Oz Blayzer,7,18,38.89
Ryan Boatright,1,6,16.67
Okaro White,19,58,32.76
Alan Williams,0,2,0.0
Nick Zeisloft,0,1,0.0
Beau Beech,1,3,33.33
Kyle Collinsworth,4,17,23.53
Sindarius Thornwell,39,119,32.77
Ryan Arcidiacono,177,468,37.82
Marcos Mata,4,7,57.14
Lonzo Ball,558,1534,36.38
Alfonzo McKinnie,89,266,33.46
Derrick Jones Jr.,157,519,30.25
Terrance Ferguson,191,572,33.39
Tyler Cavanaugh,32,88,36.36
Antonio Blakeney,51,143,35.66
Gustavo Nicolas Agurre,4,5,80.0
Shawn Long,6,22,27.27
Patricio Garino,1,7,14.29
Bismack Biyombo,0,3,0.0
Zach Collins,144,436,33.03
Hassan Whiteside,7,24,29.17
Kobi Simmons,13,43,30.23
Andrew White III,18,51,35.29
Derrick Walton Jr.,20,53,37.74
Luke Kennard,681,1543,44.13
Josh Magette,11,29,37.93
Dwayne Bacon,128,403,31.76
Georgios Papagiannis,1,2,50.0
Cedi Osman,600,1691,35.48
Bam Adebayo,7,67,10.45
Luke Kornet,144,437,32.95
Antonius Cleveland,7,15,46.67
Daniel Theis,150,494,30.36
Jalen Jones,22,58,37.93
Guerschon Yabusele,22,75,29.33
Frank Mason III,52,162,32.1
Gabriel Deck,6,21,28.57
Tyrone Wallace,19,86,22.09
Isaiah Taylor,19,81,23.46
Jawun Evans,14,57,24.56
Damyean Dotson,243,717,33.89
Semi Ojeleye,189,559,33.81
Shaquille Harrison,50,177,28.25
Andrew Andrews,1,2,50.0
Joel Anthony,0,1,0.0
Jayson Tatum,1219,3301,36.93
Tony Bradley,5,10,50.0
Furkan Korkmaz,388,1095,35.43
T.J. Leaf,36,96,37.5
Sterling Brown,236,670,35.22
D.J. Wilson,94,296,31.76
Myke Henry,19,58,32.76
Alex Caruso,239,682,35.04
Jakob Poeltl,1,4,25.0
Jacob Wiley,1,2,50.0
Gary Payton II,88,261,33.72
Isaiah Hicks,2,7,28.57
Keith Hornsby,2,3,66.67
Rasheed Sulaimon,0,5,0.0
Shawn Dawson,0,1,0.0
O.G. Anunoby,596,1598,37.3
Jacob Pullen,3,8,37.5
Marcus Georges-Hunt,5,17,29.41
Thomas Bryant,120,322,37.27
Abdel Nader,114,334,34.13
Jonathan Holmes,9,27,33.33
Zhou Qi,4,25,16.0
Royce O'Neale,596,1584,37.63
Jabari Bird,4,10,40.0
Drew Crawford,4,11,36.36
Derrick White,534,1513,35.29
Gian Clavell,17,41,41.46
Charles Cooke,1,9,11.11
Milton Doyle,4,23,17.39
Daniel Hamilton,11,34,32.35
Davon Reed,67,169,39.64
Josh Hart,467,1350,34.59
Maxi Kleber,485,1322,36.69
Matt Costello,0,2,0.0
Brice Johnson,1,10,10.0
Josh Gray,3,13,23.08
Dillon Brooks,575,1705,33.72
John Collins,348,993,35.05
James Webb III,8,29,27.59
Dennis Smith Jr.,233,764,30.5
Kyle Kuzma,809,2402,33.68
Malcolm Miller,27,64,42.19
Alex Poythress,17,47,36.17
Tyler Dorsey,109,320,34.06
Reggie Hearn,1,2,50.0
Matias Sandes,0,1,0.0
Danuel House Jr.,362,1026,35.28
Chasson Randle,111,291,38.14
Matt Williams Jr.,4,17,23.53
Marcus Paige,4,10,40.0
Jordan Mickey,4,21,19.05
Jarrod Uthoff,4,14,28.57
Thomas Walkup,0,1,0.0
Wes Iwundu,74,253,29.25
Torrey Craig,359,1039,34.55
Brandon Paul,22,72,30.56
C.J. Williams,31,103,30.1
Kevin Murphy,1,1,100.0
Keith Benson,0,1,0.0
Josh Jackson,257,859,29.92
Jarrett Allen,18,93,19.35
De'Aaron Fox,478,1504,31.78
Lauri Markkanen,799,2182,36.62
Mathias Calfani,2,3,66.67
Santiago Scala,4,6,66.67
Jonathan Isaac,138,434,31.8
Nigel Hayes,4,18,22.22
Ivica Zubac,1,11,9.09
Egidijus Mockevicius,0,1,0.0
Kadeem Allen,22,61,36.07
Monte Morris,420,1082,38.82
Malik Monk,620,1774,34.95
Justin Jackson,215,689,31.2
David Nwaba,81,258,31.4
J.J. Avila,1,1,100.0
Alec Peters,17,55,30.91
Caleb Swanigan,3,22,13.64
Wayne Selden,116,341,34.02
Skal Labissiere,31,87,35.63
Scott Wood,1,4,25.0
E.J. Singler,2,9,22.22
Naz Mitrou-Long,8,27,29.63
JJ O'Brien,1,4,25.0
Ben Simmons,5,34,14.71
Frank Ntilikina,207,628,32.96
Donovan Mitchell,1244,3417,36.41
Jamel Artis,6,25,24.0
Jordan Bell,4,20,20.0
Ben Bentil,0,4,0.0
Selem Safar,0,2,0.0
Tyler Lydon,5,14,35.71
Svi Mykhailiuk,328,892,36.77
Lonnie Walker IV,322,961,33.51
Tai Wesley,1,5,20.0
Mo Bamba,249,683,36.46
Chimezie Metu,79,268,29.48
Harry Giles III,9,36,25.0
Jeremy Morgan,0,2,0.0
Yante Maten,0,1,0.0
Billy Garrett,0,8,0.0
Ray Spalding,0,4,0.0
T.J. Williams,0,3,0.0
Allonzo Trier,65,169,38.46
Jaron Blossomgame,10,38,26.32
Kenrich Williams,202,583,34.65
Khem Birch,17,73,23.29
Shai Gilgeous-Alexander,356,1012,35.18
Isaiah Hartenstein,27,87,31.03
Deandre Ayton,21,79,26.58
Rodions Kurucs,87,283,30.74
Bruce Brown,215,627,34.29
Will Graves,2,9,22.22
David Barlow,0,2,0.0
Justin Patton,10,38,26.32
Donte DiVincenzo,457,1253,36.47
Jerome Robinson,78,250,31.2
LaDontae Henton,1,2,50.0
Shi Yuchen,1,1,100.0
Damion Lee,354,969,36.53
BJ Johnson,5,16,31.25
Jaylen Morris,3,14,21.43
Elie Okobo,63,188,33.51
Daryl Macon,4,7,57.14
Casey Prather,1,4,25.0
Jevon Carter,365,908,40.2
Travis Leslie,0,3,0.0
Kendrick Nunn,323,918,35.19
Gary Clark,144,445,32.36
Zhaire Smith,5,14,35.71
Xavier Rathan-Mayes,1,16,6.25
Sani Sakakini,0,3,0.0
Cam Reynolds,23,64,35.94
Melo Trimble,0,1,0.0
Terence Davis,333,915,36.39
Trae Young,896,2598,34.49
Kevin Huerter,775,2029,38.2
Miles Bridges,399,1178,33.87
Andre Ingram,5,12,41.67
Jacob Evans,16,51,31.37
Mikal Bridges,610,1633,37.35
Hamidou Diallo,71,270,26.3
Julian Washburn,4,19,21.05
Isaiah Briscoe,12,38,31.58
Gary Trent Jr.,626,1659,37.73
Brandon Bowman,7,10,70.0
Jason Cadee,3,5,60.0
Sam Daly,1,2,50.0
Marvin Bagley III,100,357,28.01
Jemerrio Jones,2,7,28.57
London Perrantes,1,4,25.0
Willy Workman,0,7,0.0
Brad Newley,1,6,16.67
Rade Zagorac,0,2,0.0
De'Anthony Melton,463,1256,36.86
Ike Iroegbu,0,3,0.0
Luo Zhi,0,1,0.0
Brandon Sampson,8,25,32.0
Derek Willis,1,1,100.0
Tseng Wenting,1,3,33.33
Akil Mitchell,0,1,0.0
Kyle Adnam,1,2,50.0
Chris Boucher,257,746,34.45
Fan Zhang,0,1,0.0
Ivan Rabb,3,14,21.43
Keita Bates-Diop,117,350,33.43
Nickeil Alexander-Walker,273,791,34.51
Cai Liang,0,3,0.0
Isaac Bonga,37,133,27.82
Nicolo Melli,85,275,30.91
Kevin Knox II,313,878,35.65
Tyler Herro,640,1685,37.98
Shaun Bruce,1,1,100.0
James Blackmon Jr.,2,4,50.0
Theo Pinson,55,212,25.94
Josh Akognon,5,17,29.41
Adam Gibson,2,4,50.0
Jonah Bolden,31,87,35.63
Dusty Hannahs,2,8,25.0
Todd Blanchfield,1,8,12.5
Landry Shamet,622,1616,38.49
Zach Lofton,0,1,0.0
Kevin Lisch,1,3,33.33
Jaylen Johnson,0,1,0.0
Ryan Broekhoff,44,114,38.6
Grayson Allen,523,1326,39.44
Markelle Fultz,78,275,28.36
Walt Lemon Jr.,3,3,100.0
Edy Tavares,0,1,0.0
Moritz Wagner,199,601,33.11
Dane Pineau,0,1,0.0
Boban Marjanovic,11,45,24.44
Jarred Vanderbilt,36,135,26.67
Johnathan Williams,0,4,0.0
Dzanan Musa,19,91,20.88
Trevon Duval,1,1,100.0
Rawle Alkins,2,8,25.0
Haywood Highsmith,59,161,36.65
Jun Shi,0,1,0.0
Frederic Bourdillon,2,7,28.57
Cheick Diallo,2,6,33.33
Perrin Buford,0,1,0.0
Brandon Clarke,54,174,31.03
Yifeng Heng,1,2,50.0
Luke Martinez,1,4,25.0
Yingjun Chen,0,2,0.0
Frank Jackson,240,705,34.04
Marko Guduric,24,71,33.8
PJ Dozier,92,277,33.21
Angel Rodriguez,2,4,50.0
Jaren Jackson Jr.,430,1238,34.73
J.P. Macura,0,4,0.0
Jalen Brunson,444,1163,38.18
Rodney Purvis,13,50,26.0
Deonte Burton,17,76,22.37
Melvin Frazier Jr.,9,42,21.43
Chris Chiozza,63,180,35.0
Omari Spellman,83,233,35.62
Matt Jones,2,5,40.0
Travis Trice,1,1,100.0
Collin Sexton,362,937,38.63
Anthony Petrie,0,1,0.0
Bonzie Colson,4,19,21.05
Jordan Mathews,0,1,0.0
Yuta Watanabe,124,307,40.39
Devonte' Graham,704,1964,35.85
Brad Wanamaker,84,259,32.43
Devin Robinson,0,2,0.0
Jaylen Adams,20,72,27.78
Johnathan Motley,2,13,15.38
Jordan Loyd,4,5,80.0
Troy Caupain,2,3,66.67
Deng Adel,5,22,22.73
Luo Hanchen,1,1,100.0
Shake Milton,249,665,37.44
Brandon Goodwin,77,247,31.17
Anfernee Simons,583,1500,38.87
Terry Henderson,2,5,40.0
Mitchell Creek,0,2,0.0
Isaac Humphries,1,6,16.67
Nick Minnerath,4,8,50.0
Vincent Edwards,1,4,25.0
Troy Brown Jr.,247,696,35.49
Eric Moreland,1,1,100.0
Adam Thoseby,0,1,0.0
Jared Terrell,3,15,20.0
Tahjere McCall,0,1,0.0
Aaron Holiday,272,702,38.75
Josh Okogie,198,683,28.99
Alize Johnson,5,21,23.81
Jeremy Senglin,2,2,100.0
Daniel Kickert,2,6,33.33
Wendell Carter Jr.,172,537,32.03
Erik McCree,0,2,0.0
Chandler Hutchison,35,106,33.02
Khyri Thomas,24,76,31.58
DeVaughn Akoon-Purcell,0,4,0.0
Edmond Sumner,77,238,32.35
Duncan Robinson,878,2227,39.43
Deyonta Davis,0,1,0.0
Donte Grantham,0,2,0.0
Will Magnay,0,2,0.0
Marcus Derrickson,10,20,50.0
Perry Ellis,3,9,33.33
Thomas Welsh,3,7,42.86
Xuedong Luo,0,1,0.0
Nassir Little,144,442,32.58
Jarrell Brantley,17,45,37.78
Oshae Brissett,158,461,34.27
DaQuan Jeffries,23,81,28.4
Sam Merrill,39,96,40.63
Javonte Green,64,184,34.78
Tariq Owens,0,2,0.0
Robert Williams III,0,7,0.0
Ja Morant,312,998,31.26
Nate Darling,2,8,25.0
Romeo Langford,68,214,31.78
P.J. Washington,441,1208,36.51
Talen Horton-Tucker,154,538,28.62
Cole Anthony,262,775,33.81
Brian Bowen II,0,3,0.0
Wenyen Gabriel,38,120,31.67
Saddiq Bey,487,1353,35.99
Immanuel Quickley,412,1156,35.64
Ty-Shon Alexander,3,11,27.27
Dewan Hernandez,0,1,0.0
Darius Garland,521,1358,38.37
Zylan Cheatham,0,4,0.0
Kyle Guy,36,111,32.43
Josh Hall,4,37,10.81
Amir Coffey,124,352,35.23
Naz Reid,216,625,34.56
Patrick Williams,176,429,41.03
Cassius Winston,11,30,36.67
Josh Green,104,295,35.25
Kira Lewis Jr.,66,196,33.67
Kelan Martin,70,231,30.3
Vlatko Cancar,61,169,36.09
Vic Law,2,8,25.0
Kenyon Martin Jr.,146,436,33.49
Bruno Fernando,5,41,12.2
Shamorie Ponds,0,1,0.0
Sean McDermott,4,23,17.39
Vincent Poirier,1,3,33.33
Daniel Oturu,1,6,16.67
Nate Hinton,8,30,26.67
Ignas Brazdeikis,40,129,31.01
Tyler Bey,1,5,20.0
Admiral Schofield,65,208,31.25
Theo Maledon,179,551,32.49
Jordan Bone,11,40,27.5
Keljin Blevins,24,91,26.37
Max Strus,503,1368,36.77
Cassius Stanley,8,36,22.22
Eric Paschall,85,277,30.69
Cody Martin,94,308,30.52
Aleksej Pokusevski,162,534,30.34
Nic Claxton,1,12,8.33
Josh Reaves,0,2,0.0
Terance Mann,213,556,38.31
Garrison Mathews,277,758,36.54
KZ Okpala,35,109,32.11
Darius Bazley,235,720,32.64
Drew Eubanks,16,47,34.04
Jordan Nwora,196,525,37.33
Mamadi Diakite,11,39,28.21
Mychal Mulder,120,311,38.59
Nigel Williams-Goss,2,4,50.0
Jaylen Nowell,181,561,32.26
Skylar Mays,32,92,34.78
Deividas Sirvydis,14,38,36.84
Jordan Poole,610,1820,33.52
Kevin Porter Jr.,356,1010,35.25
Dean Wade,175,476,36.76
Malachi Flynn,142,405,35.06
Ky Bowman,34,110,30.91
Jaylen Hoard,9,38,23.68
Isaiah Stewart,93,281,33.1
Anthony Edwards,574,1663,34.52
Chris Clemons,41,116,35.34
Keldon Johnson,322,890,36.18
Reggie Perry,7,39,17.95
Tre Jones,55,196,28.06
Naji Marshall,111,386,28.76
Trent Forrest,10,54,18.52
Damian Jones,23,62,37.1
Paul Watson,32,91,35.16
Malik Newman,0,2,0.0
Isaac Okoro,171,532,32.14
Aaron Nesmith,189,530,35.66
Brodric Thomas,19,78,24.36
Devon Hall,4,17,23.53
Caleb Martin,238,649,36.67
Isaiah Joe,255,639,39.91
Anthony Gill,24,84,28.57
Zion Williamson,15,59,25.42
William Howard,0,4,0.0
Obi Toppin,168,537,31.28
Jaxson Hayes,21,96,21.88
Zeke Nnaji,76,198,38.38
Kevin Hervey,3,20,15.0
CJ Elleby,47,183,25.68
Rayjon Tucker,7,24,29.17
Deni Avdija,194,624,31.09
Jalen Lecque,1,10,10.0
De'Andre Hunter,330,897,36.79
Jeremiah Martin,8,29,27.59
Anthony Lamb,90,255,35.29
Quinndary Weatherspoon,4,17,23.53
Dakota Mathias,10,35,28.57
Chris Silva,0,3,0.0
Jalen McDaniels,162,488,33.2
Louis King,19,54,35.19
Nico Mannion,22,60,36.67
Sekou Doumbouya,53,183,28.96
Desmond Bane,547,1301,42.04
Juan Toscano-Anderson,82,264,31.06
Zach Norvell Jr.,5,22,22.73
Jahmi'us Ramsey,11,48,22.92
Matisse Thybulle,198,609,32.51
Jontay Porter,3,6,50.0
Gabe Vincent,320,966,33.13
James Wiseman,13,53,24.53
Lamar Stevens,49,172,28.49
Mason Jones,26,72,36.11
Robert Woodard II,2,13,15.38
Jared Harper,5,13,38.46
Grant Williams,338,878,38.5
Matt Mooney,2,4,50.0
Elijah Hughes,42,141,29.79
LaMelo Ball,435,1166,37.31
Michael Porter Jr.,509,1243,40.95
Facundo Campazzo,147,447,32.89
Jalen Harris,18,40,45.0
Devin Vassell,274,750,36.53
Anzejs Pasecniks,0,4,0.0
Onyeka Okongwu,5,19,26.32
Nathan Knight,17,69,24.64
Carsen Edwards,40,142,28.17
Marial Shayok,1,3,33.33
Markus Howard,59,168,35.12
Isaiah Roby,96,266,36.09
Mfiondu Kabengele,27,84,32.14
Goga Bitadze,61,230,26.52
Jordan McLaughlin,103,309,33.33
Adam Mokoka,7,25,28.0
Luka Samanic,21,76,27.63
Tremont Waters,25,74,33.78
Miye Oni,41,126,32.54
Jalen Smith,89,325,27.38
Jae'Sean Tate,125,407,30.71
Vernon Carey Jr.,1,8,12.5
Karim Mane,1,4,25.0
Chuma Okeke,179,562,31.85
Justin James,24,71,33.8
Bol Bol,50,159,31.45
John Konchar,133,357,37.25
Justin Robinson,26,81,32.1
Stanton Kidd,0,1,0.0
Rui Hachimura,190,535,35.51
RJ Barrett,471,1355,34.76
Juwan Morgan,12,39,30.77
Jaden McDaniels,237,674,35.16
Matt Thomas,113,275,41.09
Paul Reed,4,22,18.18
Luguentz Dort,411,1211,33.94
Joe Chealey,0,4,0.0
Jarrett Culver,92,327,28.13
Tyrese Haliburton,422,1024,41.21
Ty Jerome,173,482,35.89
Tyrell Terry,1,9,11.11
Xavier Tillman,35,127,27.56
R.J. Hampton,130,369,35.23
Killian Tillie,35,110,31.82
Cam Reddish,232,699,33.19
Dylan Windler,50,152,32.89
Killian Hayes,139,502,27.69
Payton Pritchard,292,747,39.09
Alen Smailagic,6,24,25.0
Saben Lee,33,112,29.46
Cameron Johnson,523,1309,39.95
Charlie Brown Jr.,9,45,20.0
Tyrese Maxey,375,911,41.16
Coby White,510,1388,36.74
Justin Wright-Foreman,0,3,0.0
Jordan Ford,0,2,0.0
Xavier Moon,8,22,36.36
Kenny Wooten,1,3,33.33
Javin DeLaurier,1,3,33.33
Petr Cornelie,2,9,22.22
Jock Landale,51,175,29.14
Armoni Brooks,134,390,34.36
Bryce Brown,1,2,50.0
Corey Kispert,251,654,38.38
Moses Wright,1,5,20.0
Jaden Springer,2,9,22.22
Jay Scrubb,10,35,28.57
MJ Walker,0,2,0.0
Lindy Waters III,119,322,36.96
Isaiah Miller,1,2,50.0
Mac McClung,4,9,44.44
Josh Giddey,127,420,30.24
George King,3,9,33.33
Joe Wieskamp,19,57,33.33
Charles Bassey,4,13,30.77
Arnoldas Kulboka,0,1,0.0
Lindell Wigginton,19,53,35.85
Jalen Crutcher,3,7,42.86
Matt Coleman III,0,2,0.0
Vit Krejci,36,120,30.0
Craig Sword,0,1,0.0
Jeff Dowtin Jr.,4,29,13.79
McKinley Wright IV,10,31,32.26
Keandre Cook,0,1,0.0
Hassani Gravett,8,14,57.14
Paris Bass,0,2,0.0
MaCio Teague,0,6,0.0
Duane Washington Jr.,116,318,36.48
Isaiah Livers,88,240,36.67
Jon Teske,1,2,50.0
Isaiah Todd,5,33,15.15
Greg Brown III,22,78,28.21
David Johnson,1,6,16.67
Gabe York,7,24,29.17
Zavier Simpson,2,10,20.0
DJ Steward,0,1,0.0
Matt Ryan,41,110,37.27
Bennie Boatwright,1,5,20.0
Myles Powell,1,5,20.0
Jaysean Paige,0,2,0.0
Derrick Alston Jr.,0,2,0.0
Braxton Key,7,20,35.0
Nick Richards,1,3,33.33
Herbert Jones,110,316,34.81
James Bouknight,54,182,29.67
Dalano Banton,27,109,24.77
Luka Garza,34,92,36.96
Quentin Grimes,217,593,36.59
Sandro Mamukelashvili,56,169,33.14
Malcolm Hill,16,45,35.56
Jordan Goodwin,36,113,31.86
Jalen Green,316,925,34.16
Aaron Henry,1,5,20.0
Gabriel Lundberg,3,8,37.5
RJ Nembhard Jr.,1,8,12.5
Jose Alvarado,119,356,33.43
Olivier Sarr,15,38,39.47
Daishen Nix,41,154,26.62
Kevin Pangos,8,36,22.22
Eugene Omoruyi,34,108,31.48
Caleb Homesley,0,5,0.0
Chris Duarte,145,424,34.2
Aaron Wiggins,101,275,36.73
Yves Pons,3,13,23.08
Brandon Boston Jr.,42,141,29.79
Jared Butler,43,122,35.25
Cameron McGriff,2,6,33.33
Joshua Primo,45,135,33.33
A.J. Lawson,12,27,44.44
Robert Franks,11,29,37.93
Precious Achiuwa,92,293,31.4
Franz Wagner,214,601,35.61
Shaq Buchanan,1,9,11.11
Isaiah Jackson,9,35,25.71
Alperen Sengun,42,146,28.77
Moses Moody,104,272,38.24
Tyler Cook,1,2,50.0
Austin Reaves,167,451,37.03
Cam Thomas,82,266,30.83
Miles McBride,57,197,28.93
Tre Scott,0,1,0.0
Jonathan Kuminga,92,282,32.62
Charles Matthews,1,2,50.0
Joel Ayayi,0,5,0.0
Davion Mitchell,176,536,32.84
Josh Christopher,78,268,29.1
Kaleb Wesson,0,1,0.0
David Duke Jr.,10,46,21.74
Cameron Oliver,5,19,26.32
JaQuori McLaughlin,2,11,18.18
Devin Cannady,27,64,42.19
Freddie Gillespie,0,2,0.0
JT Thor,46,160,28.75
Sam Hauser,177,421,42.04
Marlon Taylor,0,1,0.0
Jamorko Pickett,13,44,29.55
Ahmad Caver,0,2,0.0
Malik Fitts,12,20,60.0
Ayo Dosunmu,126,353,35.69
Keon Johnson,68,198,34.34
Chaundee Brown,8,23,34.78
Cade Cunningham,128,408,31.37
Jordan Schakel,2,13,15.38
Rob Edwards,3,7,42.86
Sharife Cooper,5,13,38.46
Jalen Suggs,101,382,26.44
Daulton Hommes,1,1,100.0
Dru Smith,11,36,30.56
Jeremiah Robinson-Earl,92,287,32.06
Devon Dotson,5,19,26.32
Trevelin Queen,11,43,25.58
Scottie Barnes,111,400,27.75
Marko Simonovic,1,7,14.29
Justin Champagnie,14,49,28.57
Didi Louzada,12,31,38.71
Santi Aldama,99,310,31.94
Leandro Bolmaro,8,28,28.57
Jay Huff,6,17,35.29
Kai Jones,5,23,21.74
Omer Yurtseven,7,29,24.14
Usman Garuba,24,69,34.78
Xavier Sneed,6,19,31.58
Simisola Shittu,0,2,0.0
Evan Mobley,40,172,23.26
Ish Wainright,78,239,32.64
Day'Ron Sharpe,8,19,42.11
Trendon Watford,32,96,33.33
Georgios Kalaitzakis,10,31,32.26
Levi Randolph,3,7,42.86
Romeo Weems,0,1,0.0
Micah Potter,7,16,43.75
Kessler Edwards,60,178,33.71
DJ Stewart,2,3,66.67
Ziaire Williams,108,353,30.59
Marcus Garrett,2,13,15.38
Javonte Smart,13,49,26.53
Bones Hyland,250,700,35.71
Elijah Bryant,8,25,32.0
Aleem Ford,1,8,12.5
Trey Murphy III,282,688,40.99
Grant Riller,2,6,33.33
Terry Taylor,17,58,29.31
Tre Mann,194,556,34.89
Jalen Johnson,37,133,27.82
Jarron Cumberland,0,1,0.0
Devontae Cacok,1,1,100.0
Jake Toolson,0,1,0.0
Carlik Jones,4,11,36.36
Dwayne Sutton,0,1,0.0
Jules Bernard,0,2,0.0
Orlando Robinson,0,7,0.0
Trevor Hudgins,2,10,20.0
Jordan Lewis,0,1,0.0
Bennedict Mathurin,91,277,32.85
Dyson Daniels,28,95,29.47
Mitch Ballock,3,5,60.0
Vince Williams Jr.,6,31,19.35
Ryan Rollins,4,11,36.36
Jamal Cain,12,31,38.71
Nikola Jovic,16,57,28.07
Javon Freeman-Liberty,2,4,50.0
Hyrum Harris,0,1,0.0
LiAngelo Ball,0,4,0.0
Tari Eason,58,159,36.48
Simone Fontecchio,60,183,32.79
AJ Griffin,96,240,40.0
Mitch McCarron,2,7,28.57
Norris  Cole,4,11,36.36
Stanley Umude,2,8,25.0
Peyton Watson,9,22,40.91
Trevion Williams,0,2,0.0
Pat Spencer,1,3,33.33
Jaden Ivey,104,310,33.55
David Roddy,63,221,28.51
Jeenathan Williams,3,8,37.5
Anthony Drmic,1,5,20.0
Nick Marshall,0,2,0.0
Sunday Dech,3,5,60.0
Ziv Maoz,1,2,50.0
Andrew Nembhard,73,233,31.33
Johnny Juzang,12,58,20.69
J.D. Davison,2,7,28.57
Dominick Barlow,2,6,33.33
Jamaree Bouyea,7,15,46.67
Jason Siggers,7,18,38.89
Keegan Murray,210,506,41.5
Patrick Baldwin Jr.,40,108,37.04
Jake LaRavia,20,66,30.3
Moussa Diabate,1,2,50.0
Jaylen Sims,0,1,0.0
Jack White,3,9,33.33
Bryce McGowens,26,83,31.33
Jabari Smith Jr.,103,341,30.21
Michael Foster Jr.,0,2,0.0
Alex Leder,1,4,25.0
DeJon Jarreau,1,1,100.0
Christian Braun,38,106,35.85
Kenneth Lofton Jr.,7,18,38.89
Scotty Pippen Jr.,4,17,23.53
Daniel Hillel,0,1,0.0
Caleb Houstan,49,144,34.03
Lester Quinones,3,7,42.86
Feron Hunt,1,2,50.0
Christian Koloko,0,9,0.0
Leandro Garcia Morales,0,1,0.0
Marques Bolden,4,6,66.67
Jalen Duren,0,1,0.0
Kai Sotto,1,2,50.0
Kennedy Chandler,3,20,15.0
Jason Preston,6,20,30.0
Marcus Bingham Jr.,1,1,100.0
Daniel Johnson,2,3,66.67
Tommy Kuhse,2,8,25.0
Jalen Williams,68,198,34.34
AJ Green,39,106,36.79
RaiQuan Gray,0,1,0.0
Alondes Williams,0,1,0.0
Daeqwon Plowden,2,12,16.67
Kevon Harris,15,45,33.33
Jaden Hardy,66,162,40.74
Kendall Brown,0,4,0.0
Jacob Gilyard,1,4,25.0
Blake Wesley,17,50,34.0
Jaylin Williams,45,111,40.54
Michael Devoe,2,3,66.67
Jeremy Sochan,31,135,22.96
Max Christie,25,64,39.06
Anthony Morse,0,1,0.0
TyTy Washington Jr.,21,79,26.58
Buddy Boeheim,5,28,17.86
Jared Rhoden,7,22,31.82
Xavier Cooks,0,1,0.0
Dalen Terry,6,29,20.69
LJ Figueroa,0,1,0.0
Trevor Keels,1,3,33.33
Gilad Melnik,0,1,0.0
Josh Minott,2,9,22.22
Shaedon Sharpe,98,273,35.9
Isaiah Mobley,3,6,50.0
John Petty Jr.,0,2,0.0
Tyrese Martin,0,11,0.0
Jordan Hall,3,17,17.65
Cole Swider,12,45,26.67
Donovan Williams,0,2,0.0
Tyson Etienne,0,2,0.0
Craig Randall II,14,28,50.0
Jericho Sims,0,1,0.0
Kyrin Galloway,1,4,25.0
MarJon Beauchamp,47,144,32.64
Walker Kessler,1,2,50.0
Ochai Agbaji,80,225,35.56
Jonathan Holton,0,1,0.0
Malaki Branham,76,240,31.67
Darius Days,3,12,25.0
Keon Ellis,9,18,50.0
Julian Champagnie,31,79,39.24
Ousmane Dieng,32,110,29.09
Johnny Davis,15,68,22.06
Lucas Williamson,1,6,16.67
Quenton Jackson,2,11,18.18
Luca Vildoza,3,10,30.0
John Butler Jr.,8,37,21.62
Jaden Shackelford,2,3,66.67
Jabari Walker,18,55,32.73
Justin Minaya,3,12,25.0
Ron Harper Jr.,3,10,30.0
Gabe Brown,4,11,36.36
Wendell Moore Jr.,2,18,11.11
Paolo Banchero,86,279,30.82
Tyler Hall,2,10,20.0
